,Drug,SMILES
0,ML311,CCN1CCN(CC1)C(c1ccc(cc1)C(F)(F)F)c1ccc2cccnc2c1O
1,zebularine,OC[C@H]1O[C@H](C(O)[C@H]1O)n1cccnc1=O
2,BRD-A02303741,CC(C)N(CCCNC(=O)Nc1ccc(cc1)C(C)(C)C)C[C@H]1O[C@H](C(O)[C@H]1O)n1cnc2c(N)ncnc12
3,importazole,CC(Nc1nc(nc2ccccc12)N1CCCC1)c1ccccc1
4,SR8278,CCOC(=O)C1Cc2ccccc2CN1C(=O)c1ccc(SC)s1
5,elocalcitol,CCC(O)(CC)\C=C\CC(C)C1=CC[C@@H]2[C@]1(C)CCC\C2=C/C=C1/C[C@@H](O)C[C@H](F)C1=C
6,BRD-A05715709,Cc1ccccc1C(N(C(=O)Cc1ccncc1)c1cccc(F)c1)C(=O)NC1CCCCC1
7,docetaxel,CC(=O)O[C@@]12CO[C@@H]1C[C@H](O)[C@]1(C)C2[C@H](OC(=O)c2ccccc2)[C@]2(O)C[C@H](OC(=O)[C@H](O)[C@@H](NC(=O)OC(C)(C)C)c3ccccc3)C(C)=C([C@@H](O)C1=O)C2(C)C
8,cyclophosphamide,ClCCN(CCCl)P1(=O)NCCCO1
9,3-Cl-AHPC,OC(=O)\C=C\c1ccc(c(Cl)c1)-c1ccc(O)c(c1)C12C[C@H]3C[C@H](C[C@H](C3)C1)C2
10,nutlin-3,COc1ccc(C2=NC(C(N2C(=O)N2CCNC(=O)C2)c2ccc(Cl)cc2)c2ccc(Cl)cc2)c(OC(C)C)c1
11,NVP-231,O=C(Nc1nc2ccc(NC(=O)C34C[C@H]5C[C@H](C[C@H](C5)C3)C4)cc2s1)c1ccccc1
12,triptolide,CC(C)[C@]12O[C@H]1[C@@H]1O[C@]11[C@]3(O[C@H]3CC3C4=C(CC[C@]13C)C(=O)OC4)[C@@H]2O
13,avicin D,CC1O[C@@H](OCC2O[C@@H](O[C@H]3CC[C@@]4(C)C(CC[C@]5(C)C4CC=C4C6CC(C)(C)[C@H](C[C@@]6([C@H](O)C[C@@]54C)C(=O)O[C@@H]4OC(CO)[C@@H](O)[C@@H](O)[C@@H]4O[C@@H]4OC(C)[C@H](O[C@@H]5O[C@@H](CO)[C@H](O)[C@@H]5O)[C@@H](O[C@@H]5OC(CO)[C@@H](O)[C@@H](O)[C@@H]5O)[C@@H]4O)OC(=O)C(\CO)=C\CC[C@](C)(O[C@@H]4OC(C)[C@@H](OC(=O)C(\CO)=C\CCC(C)(O)C=C)[C@@H](O)[C@@H]4O)C=C)C3(C)C)[C@@H](NC(C)=O)[C@H](O)[C@@H]2O)[C@@H](O[C@@H]2OC[C@@H](O)[C@@H](O)[C@@H]2O)[C@H](O)[C@H]1O
14,Bax channel blocker,OC(CN1CCNCC1)Cn1c2ccc(Br)cc2c2cc(Br)ccc12
15,CCT036477,Cc1[nH]c2ccccc2c1C(Nc1ccccn1)c1ccc(Cl)cc1
16,erastin,CCOc1ccccc1-n1c(=O)c2ccccc2nc1C(C)N1CCN(CC1)C(=O)COc1ccc(Cl)cc1
17,cucurbitacin I,CC(C)(O)\C=C\C(=O)[C@](C)(O)C1[C@H](O)C[C@@]2(C)C3CC=C4C(CC(=O)C(=O)C4(C)C)[C@]3(C)C(=O)C[C@]12C
18,paclitaxel,CC(=O)O[C@@H]1C2=C(C)[C@H](C[C@@](O)([C@@H](OC(=O)c3ccccc3)C3[C@@]4(CO[C@@H]4C[C@H](O)[C@@]3(C)C1=O)OC(C)=O)C2(C)C)OC(=O)[C@H](O)[C@@H](NC(=O)c1ccccc1)c1ccccc1
19,hyperforin,CC(C)C(=O)[C@@]12C(=O)C(CC=C(C)C)C(=O)C(CC=C(C)C)(C[C@H](CC=C(C)C)[C@@]1(C)CCC=C(C)C)C2=O
20,brefeldin A,CC1CCC\C=C/C2CC(O)CC2C(O)\C=C/C(=O)O1
21,tigecycline,CN(C)[C@H]1[C@@H]2C[C@@H]3Cc4c(cc(NC(=O)CNC(C)(C)C)c(O)c4C(=O)C3C(=O)[C@]2(O)C(=O)C(C(N)=O)C1=O)N(C)C
22,itraconazole,CCC(C)n1ncn(-c2ccc(cc2)N2CCN(CC2)c2ccc(OCC3COC(Cn4cncn4)(O3)c3ccc(Cl)cc3Cl)cc2)c1=O
23,dexamethasone,CC1CC2C3CCC4=CC(=O)C=CC4(C)C3(F)C(O)CC2(C)C1(O)C(=O)CO
24,teniposide,COc1cc(cc(OC)c1O)[C@H]1[C@@H]2C(COC2=O)C(O[C@@H]2O[C@@H]3CO[C@H](OC3[C@H](O)[C@H]2O)c2cccs2)c2cc3OCOc3cc12
25,ML162,COc1ccc(cc1Cl)N(C(C(=O)NCCc1ccccc1)c1cccs1)C(=O)CCl
26,necrostatin-1,CN1C(=S)NC(Cc2c[nH]c3ccccc23)C1=O
27,SN-38,CCc1c2Cn3c(cc4c(COC(=O)C4(O)CC)c3=O)-c2nc2ccc(O)cc12
28,ciclosporin,CCC1NC(=O)C([C@H](O)[C@H](C)C\C=C\C)N(C)C(=O)C(C(C)C)N(C)C(=O)C(CC(C)C)N(C)C(=O)C(CC(C)C)N(C)C(=O)[C@@H](C)NC(=O)C(C)NC(=O)C(CC(C)C)N(C)C(=O)C(NC(=O)C(CC(C)C)N(C)C(=O)CN(C)C1=O)C(C)C
29,TGX-221,CC(Nc1ccccc1)c1cc(C)cn2c1nc(cc2=O)N1CCOCC1
30,bleomycin A2,C[C@@H](O)[C@@H](NC(=O)[C@H](C)[C@@H](O)[C@H](C)NC(=O)[C@@H](NC(=O)c1nc(nc(N)c1C)[C@H](CC(N)=O)NC[C@@H](N)C(N)=O)C(O[C@H]1O[C@H](CO)[C@H](O)[C@@H](O)[C@H]1O[C@H]1O[C@H](CO)[C@@H](O)[C@H](OC(N)=O)[C@@H]1O)c1c[nH]cn1)C(=O)NCCc1nc(cs1)-c1nc(cs1)C(=O)NCCC[S+](C)C
31,DNMDP,CCN(CC)c1ccc(cc1[N+]([O-])=O)C1=NNC(=O)CC1C
32,968,CN(C)c1ccc(cc1Br)C1Nc2ccc3ccccc3c2C2=C1C(=O)CC(C)(C)C2
33,fluvastatin,CC(C)N1C(\C=C\C(O)CC(O)CC(O)=O)C(c2ccccc12)c1ccc(F)cc1
34,PX-12,CCC(C)SSc1ncc[nH]1
35,PD318088,OCC(O)CONC(=O)c1cc(Br)c(F)c(F)c1Nc1ccc(I)cc1F
36,COL-3,NC(=O)C1C(=O)C[C@@H]2C[C@@H]3Cc4cccc(O)c4C(=O)C3C(=O)[C@]2(O)C1=O
37,YK 4-279,COc1ccc(cc1)C(=O)CC1(O)C(=O)Nc2c1c(Cl)ccc2Cl
38,fumonisin B1,CCCC[C@@H](C)[C@@H](OC(=O)C[C@@H](CC(O)=O)C(O)=O)[C@H](CC(C)C[C@H](O)CCCC[C@@H](O)C[C@H](O)[C@H](C)N)OC(=O)C[C@@H](CC(O)=O)C(O)=O
39,ifosfamide,ClCCNP1(=O)OCCCN1CCCl
40,salermide,CC(C(=O)Nc1cccc(c1)\N=C\c1c(O)ccc2ccccc12)c1ccccc1
41,BCL-LZH-4,COc1ccc(cc1)C1C(C(=O)Nc2ccccc2)=C(C)N=c2s\c(=C/c3cn(Cc4ccccc4)c4ccccc34)c(=O)n12
42,isoevodiamine,CN1C2N(CCc3c2[nH]c2ccccc32)C(=O)c2ccccc12
43,lovastatin,CCC(C)C(=O)OC1CC(C)C=C2C=CC(C)C(CCC(O)CC(O)CC(O)=O)C12
44,BRD-A71883111,Fc1cccc(c1)N(C(C(=O)NC1CCCCC1)c1ccccc1Cl)C(=O)Cc1cccs1
45,blebbistatin,Cc1ccc2N=C3N(CCC3(O)C(=O)c2c1)c1ccccc1
46,myriocin,CCCCCCC(=O)CCCCCC\C=C\C[C@H](O)[C@@H](O)C(N)(CO)C(O)=O
47,IPR-456,CC1CC(C)CN(C1)c1cc(Nc2ccccc2C(O)=O)c2C(=O)c3ccccc3-c3onc1c23
48,NSC23766,CCN(CC)CCCC(C)Nc1nc(C)cc(Nc2ccc3nc(C)cc(N)c3c2)n1
49,oligomycin A,CCC1CCC2OC3(CC[C@@H](C)C(C[C@H](C)O)O3)[C@H](C)C(OC(=O)\C=C\[C@@H](C)[C@H](O)[C@@H](C)C(=O)[C@H](C)[C@@H](O)[C@H](C)C(=O)[C@@](C)(O)[C@H](O)[C@@H](C)C\C=C\C=C\1)[C@H]2C
50,ML258,COc1ccc(CN2c3nnnn3C3C(C2=O)C2(CCCC2)Cc2ccccc32)cc1
51,ML050,Brc1cc2OCOc2cc1C1Nc2ccccc2C2C=CCC12
52,fulvestrant,C[C@]12CC[C@H]3[C@H]([C@@H]1CC[C@@H]2O)[C@H](CCCCCCCCCS(=O)CCCC(F)(F)C(F)(F)F)Cc1cc(O)ccc31
53,BRD-A86708339,Cc1ccc(cc1)C(NC(=O)c1ccccc1)c1ccc2cccnc2c1O
54,CID-5951923,CN(C1CCS(=O)(=O)C1)C(=O)COC(=O)\C=C\c1cccc(c1)[N+]([O-])=O
55,FQI-1,CCOc1ccccc1C1CC(=O)Nc2cc3OCOc3cc12
56,thalidomide,O=C1N(C2CCC(=O)NC2=O)C(=O)c2ccccc12
57,temozolomide,CN1N=Nc2c(ncn2C1=O)C(=O)N
58,BRD-A94377914,CN1CCCCC1NC(=O)[C@H](CCCCCC(C)=O)C(=O)Nc1nc(cs1)-c1ccccc1
59,cyanoquinoline 11,Fc1ccc(Nc2c(cnc3c(Cl)cc(NCc4cnc[nH]4)cc23)C#N)cc1Cl
60,RITA,OCc1ccc(s1)-c1ccc(o1)-c1ccc(CO)s1
61,tubastatin A,CN1CCc2c(C1)c1ccccc1n2Cc1ccc(cc1)C(=O)NO
62,ML239,Clc1cc(Cl)c(OCC(=O)N\N=C\c2ccc[nH]2)c(Cl)c1
63,LRRK2-IN-1,COc1cc(ccc1Nc1ncc2N(C)C(=O)c3ccccc3N(C)c2n1)C(=O)N1CCC(CC1)N1CCN(C)CC1
64,pyrazolanthrone,O=C1c2ccccc2-c2n[nH]c3cccc1c23
65,BRD-K01737880,COc1ccc(NC(=O)Nc2ccc3O[C@@H](CN(C)Cc4ccc5OCOc5c4)[C@@H](C)CN([C@@H](C)CO)C(=O)c3c2)cc1
66,ML210,Cc1onc(C(=O)N2CCN(CC2)C(c2ccc(Cl)cc2)c2ccc(Cl)cc2)c1[N+]([O-])=O
67,NVP-BSK805,Fc1cc(cc(F)c1CN1CCOCC1)-c1cccc2ncc(nc12)-c1cnn(c1)C1CCNCC1
68,olaparib,Fc1ccc(Cc2n[nH]c(=O)c3ccccc23)cc1C(=O)N1CCN(CC1)C(=O)C1CC1
69,panobinostat,Cc1[nH]c2ccccc2c1CCNCc1ccc(\C=C\C(=O)NO)cc1
70,BRD-K02251932,C[C@H](CO)N1C[C@H](C)[C@H](CN(C)C(=O)NC2CCCCC2)Oc2c(NS(=O)(=O)c3ccc(F)cc3)cccc2C1=O
71,parbendazole,CCCCc1ccc2[nH]c(NC(=O)OC)nc2c1
72,BRD-K02492147,CN1CCN(CC1)C(=O)C[C@@H]1O[C@H](CO)[C@@H](NS(=O)(=O)c2cccc(F)c2)C=C1
73,QS-11,OC[C@H](Cc1ccccc1)Nc1nc(Oc2ccc3CCCc3c2)nc2n(Cc3ccc(cc3)-c3ccccc3)cnc12
74,AT-406,CNC(C)C(=O)NC1CN(CCC2CCC(N2C1=O)C(=O)NC(c3ccccc3)c4ccccc4)C(=O)CC(C)C
75,SU11274,CN(c1cccc(Cl)c1)S(=O)(=O)c1ccc2NC(=O)\C(=C/c3[nH]c(C)c(C(=O)N4CCN(C)CC4)c3C)c2c1
76,HC-067047,Cc1c(cc(-c2ccccc2)n1CCCN1CCOCC1)C(=O)Nc1cccc(c1)C(F)(F)F
77,azacitidine,Nc1ncn([C@@H]2O[C@H](CO)[C@@H](O)[C@H]2O)c(=O)n1
78,foretinib,COc1cc2c(Oc3ccc(NC(=O)C4(CC4)C(=O)Nc4ccc(F)cc4)cc3F)ccnc2cc1OCCCN1CCOCC1
79,Merck60,CC(=O)Nc1ccc(cc1)C(=O)Nc1cc(ccc1N)-c1cccs1
80,BIBR-1532,C\C(=C/C(=O)Nc1ccccc1C(O)=O)c1ccc2ccccc2c1
81,BRD-K04800985,C[C@@H](CO)N1C[C@@H](C)[C@@H](CN(C)CC2CCCCC2)Oc2ccc(NC(=O)Nc3c(C)noc3C)cc2C1=O
82,BMS-270394,CC1(C)CCC(C)(C)c2cc(ccc12)[C@@H](O)C(=O)Nc1ccc(cc1F)C(O)=O
83,GSK-3 inhibitor IX,O\N=C1/C(Nc2ccccc12)=C1/C(=O)Nc2cc(Br)ccc12
84,CIL41,N=C(NOC(=O)C12CC3CC(CC(C3)C1)C2)c1ccccc1
85,triazolothiadiazine,COc1ccc(OC)c(c1)-c1nnc2SCC(=Nn12)c1ccc(OC)c(OC)c1
86,BRD9647,COc1ccc(cc1)N(C(=O)c1ccccc1)S(=O)(=O)c1cc(OC)ccc1OC
87,PDMP,CCCCCCCCCC(=O)N[C@H](CN1CCOCC1)[C@H](O)c1ccccc1
88,LE-135,CN1c2cc3c(cc2N=C(c2ccc(cc2)C(O)=O)c2ccccc12)C(C)(C)CCC3(C)C
89,GSK1059615,O=C1NC(=O)\C(S1)=C\c1ccc2nccc(-c3ccncc3)c2c1
90,narciclasine,O[C@H]1C=C2[C@@H](NC(=O)c3c(O)c4OCOc4cc23)[C@H](O)[C@@H]1O
91,AM-580,CC1(C)CCC(C)(C)c2cc(ccc12)C(=O)Nc1ccc(cc1)C(O)=O
92,AA-COCF3,CCCCC\C=C/C\C=C/C\C=C/C\C=C/CCCC(=O)C(F)(F)F
93,GSK525762A,CCNC(=O)C[C@@H]1N=C(c2ccc(Cl)cc2)c2cc(OC)ccc2-n2c(C)nnc12
94,temsirolimus,CO[C@@H]1C[C@H](C[C@@H](C)[C@@H]2CC(=O)[C@H](C)\C=C(C)\[C@@H](O)[C@@H](OC)C(=O)[C@H](C)C[C@H](C)\C=C\C=C\C=C(C)\[C@H](C[C@@H]3CC[C@@H](C)[C@@](O)(O3)C(=O)C(=O)N3CCCC[C@H]3C(=O)O2)OC)CC[C@H]1OC(=O)C(C)(CO)CO
95,SID 26681509,CCc1ccccc1NC(=O)CSC(=O)NNC(=O)[C@@H](Cc1c[nH]c2ccccc12)NC(=O)OC(C)(C)C
96,linsitinib,CC1(O)CC(C1)c2nc(c3ccc4ccc(nc4c3)c5ccccc5)c6c(N)nccn26
97,C6-ceramide,CCCCCCCCCCCCC\C=C\[C@@H](O)[C@H](CO)NC(=O)CCCCC
98,BRD-K09344309,C[C@H](CO)N1C[C@@H](C)[C@H](CN(C)Cc2ccc3OCOc3c2)Oc2c(NC(=O)c3ccncc3)cccc2C1=O
99,GANT-61,CN(C)c1ccccc1CN1CCCN(Cc2ccccc2N(C)C)C1c1ccncc1
100,KU 0060648,CCN1CCN(CC(=O)Nc2ccc(-c3cccc4c3oc(cc4=O)N3CCOCC3)c3sc4ccccc4c23)CC1
101,BRD-K09587429,C[C@@H](NC(=O)C[C@@H]1CC[C@@H](NC(=O)CN2CCOCC2)[C@H](CO)O1)c1ccccc1
102,FGIN-1-27,CCCCCCN(CCCCCC)C(=O)Cc1c([nH]c2ccccc12)-c1ccc(F)cc1
103,PRL-3 inhibitor I,Brc1ccc(OCc2ccccc2Br)c(\C=C2\SC(=S)NC2=O)c1
104,dabrafenib,CC(C)(C)c1nc(c(s1)-c1ccnc(N)n1)-c1cccc(NS(=O)(=O)c2c(F)cccc2F)c1F
105,avrainvillamide,CC1(C)Oc2ccc3C4=C[C@@]56NC(=O)[C@]7(CCCN7C5=O)C[C@H]6C(C)(C)C4=[N+]([O-])c3c2C=C1
106,GW-405833,COc1ccc2n(C(=O)c3cccc(Cl)c3Cl)c(C)c(CCN3CCOCC3)c2c1
107,B02,O=c1n(Cc2ccccc2)c(\C=C\c2cccnc2)nc2ccccc12
108,SR-II-138A,CON(C)C(=O)[C@H]1[C@@H](O)[C@@]2(O)c3c(O[C@]2([C@@H]1c1ccccc1)c1ccc(OC)cc1)cc(OC)cc3OC
109,BRD-K11533227,CC(=O)NC1CCN(CC1)C(=O)Nc1cc(ccc1N)-c1cccs1
110,PF-184,C[C@@]1(CO)CN(C[C@]1(C)CO)c1cc(C(=O)Nc2ccc3CCc4c(nn(c4-c3c2)-c2ccc(F)cc2)C(N)=O)c(Cl)cn1
111,CIL56,ON=C1c2cc(ccc2-c2ccc(cc12)S(=O)(=O)N1CCCCC1)S(=O)(=O)N1CCCCC1
112,AT7867,Clc1ccc(cc1)C1(CCNCC1)c1ccc(cc1)-c1cn[nH]c1
113,NVP-BEZ235,Cn1c2cnc3ccc(cc3c2n(-c2ccc(cc2)C(C)(C)C#N)c1=O)-c1cnc2ccccc2c1
114,trametinib,CC(=O)Nc1cccc(c1)-n1c2c(C)c(=O)n(C)c(Nc3ccc(I)cc3F)c2c(=O)n(C2CC2)c1=O
115,TG-101348,Cc1cnc(Nc2ccc(OCCN3CCCC3)cc2)nc1Nc1cccc(c1)S(=O)(=O)NC(C)(C)C
116,valdecoxib,Cc1onc(c1-c1ccc(cc1)S(N)(=O)=O)-c1ccccc1
117,procarbazine,CNNCc1ccc(cc1)C(=O)NC(C)C
118,ciclopirox,Cc1cc(C2CCCCC2)n(O)c(=O)c1
119,BMS-754807,C[C@]1(CCCN1c1nc(Nc2cc(n[nH]2)C2CC2)c2cccn2n1)C(=O)Nc1ccc(F)nc1
120,BMS-345541,Cc1cnc2c(NCCN)nc3ccc(C)cc3n12
121,dinaciclib,CCc1cnn2c(NCc3ccc[n+]([O-])c3)cc(nc12)N1CCCC[C@H]1CCO
122,BRD-K13999467,C[C@@H](CO)N1C[C@H](C)[C@H](CN(C)C(=O)Cc2ccncc2)Oc2cc(ccc2S1(=O)=O)C#Cc1ccccc1F
123,BRD-K14844214,CC(C)CC#Cc1ccc2c(O[C@@H](CN(C)C(=O)c3cnccn3)[C@H](C)CN([C@H](C)CO)S2(=O)=O)c1
124,R428,Nc1nc(Nc2ccc3CC[C@@H](CCc3c2)N2CCCC2)nn1-c1cc2CCCc3ccccc3-c2nn1
125,gemcitabine,Nc1ccn([C@@H]2O[C@H](CO)[C@@H](O)C2(F)F)c(=O)n1
126,NVP-ADW742,Nc1ncnc2n(cc(-c3cccc(OCc4ccccc4)c3)c12)[C@H]1C[C@H](CN2CCCC2)C1
127,PRIMA-1,OCC1(CO)N2CCC(CC2)C1=O
128,phloretin,Oc1ccc(CCC(=O)c2c(O)cc(O)cc2O)cc1
129,obatoclax,COC1=CC(=N\C\1=C/c1[nH]c(C)cc1C)c1cc2ccccc2[nH]1
130,BRD-K16147474,CC(C)NC(=O)Nc1ccc2O[C@@H](CN(C)S(C)(=O)=O)[C@@H](C)CN([C@H](C)CO)C(=O)Cc2c1
131,CHIR-99021,Cc1c[nH]c(n1)-c1cnc(NCCNc2ccc(cn2)C#N)nc1-c1ccc(Cl)cc1Cl
132,PLX-4720,CCCS(=O)(=O)Nc1ccc(F)c(C(=O)c2c[nH]c3ncc(Cl)cc23)c1F
133,regorafenib,CNC(=O)c1cc(Oc2ccc(NC(=O)Nc3ccc(Cl)c(c3)C(F)(F)F)c(F)c2)ccn1
134,sotrastaurin,CN1CCN(CC1)c1nc(C2=C(C(=O)NC2=O)c2c[nH]c3ccccc23)c2ccccc2n1
135,BRD-K17060750,CN(C)CC(=O)N[C@@H]1CC[C@@H](CCNC(=O)Nc2ccc(F)cc2)O[C@H]1CO
136,bendamustine,Cn1c(CCCC(O)=O)nc2cc(ccc12)N(CCCl)CCCl
137,SCH-79797,CC(C)c1ccc(Cn2ccc3c2ccc2nc(NC4CC4)nc(N)c32)cc1
138,HLI 373,CN(C)CCCNc1c2ccccc2n(C)c2nc(=O)n(C)c(=O)c12
139,indisulam,NS(=O)(=O)c1ccc(cc1)S(=O)(=O)Nc1cccc2c(Cl)c[nH]c12
140,belinostat,ONC(=O)\C=C\c1cccc(c1)S(=O)(=O)Nc1ccccc1
141,staurosporine,CN[C@@H]1C[C@H]2O[C@@](C)([C@@H]1OC)n1c3ccccc3c3c4CNC(=O)c4c4c5ccccc5n2c4c13
142,birinapant,CC[C@H](NC(=O)[C@H](C)NC)C(=O)N1C[C@@H](O)C[C@H]1Cc1c([nH]c2cc(F)ccc12)-c1cc2c(C[C@@H]3C[C@H](O)CN3C(=O)[C@H](CC)NC(=O)[C@H](C)NC)cc(F)cc2[nH]1
143,MK-0752,OC(=O)CC[C@H]1CC[C@@](CC1)(c1cc(F)ccc1F)S(=O)(=O)c1ccc(Cl)cc1
144,BRD-K19103580,C[C@H](CO)N1C[C@H](C)[C@H](CN(C)Cc2ccc(Cl)c(Cl)c2)Oc2ccc(cc2C1=O)N(C)C
145,gossypol,CC(C)c1c(O)c(O)c(C=O)c2c(O)c(c(C)cc12)-c1c(C)cc2c(C(C)C)c(O)c(O)c(C=O)c2c1O
146,prochlorperazine,CN1CCN(CCCN2c3ccccc3Sc3ccc(Cl)cc23)CC1
147,sitagliptin,N[C@@H](CC(=O)N1CCn2c(C1)nnc2C(F)(F)F)Cc1cc(F)c(F)cc1F
148,SGX-523,Cn1cc(cn1)-c1ccc2nnc(Sc3ccc4ncccc4c3)n2n1
149,saracatinib,CN1CCN(CCOc2cc(OC3CCOCC3)c3c(Nc4c5OCOc5ccc4Cl)ncnc3c2)CC1
150,lapatinib,CS(=O)(=O)CCNCc1ccc(o1)-c1ccc2ncnc(Nc3ccc(OCc4cccc(F)c4)c(Cl)c3)c2c1
151,erismodegib,C[C@H]1CN(C[C@@H](C)O1)c1ccc(NC(=O)c2cccc(-c3ccc(OC(F)(F)F)cc3)c2C)cn1
152,MST-312,Oc1cccc(C(=O)Nc2cccc(NC(=O)c3cccc(O)c3O)c2)c1O
153,CIL70,Clc1ccc(CC(=N)NOC(=O)c2cccc3ccccc23)cc1
154,tamatinib,COc1cc(Nc2ncc(F)c(Nc3ccc4OC(C)(C)C(=O)Nc4n3)n2)cc(OC)c1OC
155,SKI-II,Oc1ccc(Nc2nc(cs2)-c2ccc(Cl)cc2)cc1
156,KW-2449,O=C(N1CCNCC1)c1ccc(cc1)\C=C\c1n[nH]c2ccccc12
157,RO4929097,CC(C)(C(=O)NCC(F)(F)C(F)(F)F)C(=O)N[C@H]1c2ccccc2-c2ccccc2NC1=O
158,simvastatin,CCC(C)(C)C(=O)O[C@H]1C[C@@H](C)C=C2C=C[C@H](C)[C@H](CC[C@@H]3C[C@@H](O)CC(=O)O3)[C@@H]12
159,STF-31,CC(C)(C)c1ccc(cc1)S(=O)(=O)NCc1ccc(cc1)C(=O)Nc1cccnc1
160,BRD8899,CC(=O)NC[C@@H]1C[C@H](CN1)NS(=O)(=O)c1cccc2cncc(C)c12
161,CR-1-31B,CONC(=O)[C@H]1[C@@H](O)[C@@]2(O)c3c(O[C@]2([C@@H]1c1ccccc1)c1ccc(OC)cc1)cc(OC)cc3OC
162,1S-3R-RSL-3,COC(=O)[C@H]1Cc2c([nH]c3ccccc23)[C@@H](N1C(=O)CCl)c1ccc(cc1)C(=O)OC
163,sorafenib,CNC(=O)c1cc(Oc2ccc(NC(=O)Nc3ccc(Cl)c(c3)C(F)(F)F)cc2)ccn1
164,piperlongumine,COc1cc(cc(OC)c1OC)\C=C\C(=O)N1CCC=CC1=O
165,SCH-529074,CN(C)CCCNc1nc(CN2CCN(CC2)C(c2ccc(Cl)cc2)c2ccc(Cl)cc2)nc2ccccc12
166,ETP-46464,CC(C)(C#N)c1ccc(cc1)N1C(=O)OCc2cnc3ccc(cc3c12)-c1cnc2ccccc2c1
167,BRD-K24690302,CN(C)CC1CN(C1)C(=O)Nc1cc(ccc1N)-c1ccc(F)cc1
168,FSC231,CCOC(=O)NC(=O)C(=C\c1ccc(Cl)c(Cl)c1)\C#N
169,fluorouracil,Fc1c[nH]c(=O)[nH]c1=O
170,KU-55933,O=c1cc(oc(c1)-c1cccc2Sc3ccccc3Sc12)N1CCOCC1
171,OSI-930,FC(F)(F)Oc1ccc(NC(=O)c2sccc2NCc2ccnc3ccccc23)cc1
172,CD-1530,OC(=O)c1ccc(cc1)-c1ccc2cc(c(O)cc2c1)C12CC3CC(CC(C3)C1)C2
173,austocystin D,CC(C)(O)CCc1ccc(O)c2c1oc1cc3O[C@H]4OC=C[C@@]4(O)c3c(O)c1c2=O
174,BRD-K26531177,COc1cc(CCC(=O)N2CCC=CC2=O)cc(OC)c1OC
175,PD 153035,COc1cc2ncnc(Nc3cccc(Br)c3)c2cc1OC
176,cytochalasin B,C[C@H]1[C@H]2[C@H](Cc3ccccc3)NC(=O)[C@]22OC(=O)\C=C\[C@H](O)CCC[C@@H](C)C\C=C\[C@H]2[C@H](O)C1=C
177,BIX-01294,COc1cc2nc(nc(NC3CCN(Cc4ccccc4)CC3)c2cc1OC)N1CCCN(C)CC1
178,BRD-K27224038,C[C@@H](CO)N1C[C@H](C)[C@@H](CN(C)C(=O)C2CCOCC2)Oc2ncc(cc2C1=O)C#CC1(O)CCCC1
179,leptomycin B,CCC(\C=C\[C@@H]1OC(=O)C=C[C@@H]1C)=C\[C@H](C)C\C=C\C(C)=C\[C@@H](C)C(=O)[C@@H](C)[C@H](O)[C@@H](C)C\C(C)=C\C(O)=O
180,lomeguatrib,Nc1nc(OCc2cc(Br)cs2)c2[nH]cnc2n1
181,BRD-K27986637,C[C@H](CO)N1C[C@H](C)[C@H](CN(C)Cc2ccc3OCCOc3c2)OCc2cn(CCCC1=O)nn2
182,TW-37,CC(C)c1ccccc1Cc1cc(C(=O)Nc2ccc(cc2)S(=O)(=O)c2ccccc2C(C)(C)C)c(O)c(O)c1O
183,AZD4547,COc1cc(CCc2cc(NC(=O)c3ccc(cc3)N3C[C@H](C)N[C@H](C)C3)n[nH]2)cc(OC)c1
184,brivanib,C[C@@H](O)COc1cn2ncnc(Oc3ccc4[nH]c(C)cc4c3F)c2c1C
185,BRD-K28456706,Cc1c(oc2ccc3ccccc3c12)[N+]([O-])=O
186,CD-437,OC(=O)c1ccc2cc(ccc2c1)-c1ccc(O)c(c1)C12CC3CC(CC(C3)C1)C2
187,BRD-K29086754,C[C@H](CO)N1C[C@@H](C)[C@@H](CN(C)Cc2ccc(cc2)C(O)=O)Oc2ccc(NC(=O)Nc3ccc(F)cc3)cc2CC1=O
188,BRD-K29313308,CC(=O)Nc1ccc(cc1)C(=O)Nc1ccc(F)cc1N
189,PIK-93,CC(=O)Nc1nc(C)c(s1)-c1ccc(Cl)c(c1)S(=O)(=O)NCCO
190,chlorambucil,OC(=O)CCCc1ccc(cc1)N(CCCl)CCCl
191,NSC30930,OC(=O)c1cc2cc(OCc3ccccc3)ccc2[nH]1
192,axitinib,CNC(=O)c1ccccc1Sc1ccc2c(\C=C\c3ccccn3)n[nH]c2c1
193,KX2-391,O=C(Cc1ccc(cn1)-c1ccc(OCCN2CCOCC2)cc1)NCc1ccccc1
194,BRD-K30019337,CC(C)NC(=O)N(C)C[C@H]1Oc2ccc(cc2C(=O)N(C[C@H]1C)[C@H](C)CO)N(C)C
195,Compound 1541A,Oc1cccc2cc(C(=O)Nc3cccc(c3)-c3cn4ccccc4n3)c(=O)oc12
196,BRD-K30748066,Cc1c(sc(=O)n1C)-c1ccnc(Nc2ccc(cc2)N2CCNCC2)n1
197,VU0155056,O=C(NCCN1CCC(CC1)n1c2ccccc2[nH]c1=O)c1ccc2ccccc2c1
198,ceranib-2,COc1ccc(\C=C\C(=O)c2c(-c3ccccc3)c3ccccc3[nH]c2=O)cc1
199,VER-155008,Nc1ncnc2n([C@@H]3O[C@H](COCc4ccc(cc4)C#N)[C@@H](O)[C@H]3O)c(NCc3ccc(Cl)c(Cl)c3)nc12
200,AGK-2,Clc1ccc(Cl)c(c1)-c1ccc(\C=C(/C#N)C(=O)Nc2cccc3ncccc23)o1
201,cytarabine hydrochloride,Nc1ccn([C@@H]2O[C@H](CO)[C@@H](O)[C@@H]2O)c(=O)n1
202,BRD-K33199242,CNC[C@@H]1Oc2ccc(cc2CC(=O)N(C[C@@H]1C)[C@@H](C)CO)N(C)C
203,tivantinib,O=C1NC(=O)[C@H]([C@@H]1c1c[nH]c2ccccc12)c1cn2CCCc3cccc1c23
204,BRD-K33514849,C[C@H](CO)N1C[C@@H](C)[C@H](CN(C)C(=O)Nc2ccc3OCOc3c2)Oc2cc(ccc2S1(=O)=O)C#Cc1ccncc1
205,isoliquiritigenin,Oc1ccc(cc1)\C=C\C(=O)c1ccc(O)cc1O
206,clofarabine,Nc1nc(Cl)nc2n(cnc12)[C@@H]1O[C@H](CO)[C@@H](O)[C@@H]1F
207,BRD-K34099515,CC(C)N1C[C@@H](C)[C@H](CN(C)Cc2ccc(Oc3ccccc3)cc2)Oc2c(NC(=O)c3ccncc3)cccc2C1=O
208,cimetidine,CN\C(NCCSCc1nc[nH]c1C)=N/C#N
209,BRD-K34222889,COc1ccc(cc1)C#CC1=CCCN(C(=O)\C=C\c2cc(OC)c(OC)c(OC)c2)C1=O
210,BRD-K34485477,CNC[C@@H]1Oc2ccc(NC(=O)CCN3CCOCC3)cc2CC(=O)N(C[C@@H]1C)[C@H](C)CO
211,BMS-536924,Cc1cc(cc2[nH]c(nc12)-c1c(NC[C@@H](O)c2cccc(Cl)c2)cc[nH]c1=O)N1CCOCC1
212,FQI-2,CCOc1ccccc1-c1cc(=O)[nH]c2cc3OCOc3cc12
213,dacarbazine,CN(C)\N=N\c1[nH]cnc1C(N)=O
214,BRD-K35604418,Cc1cs\c(=N/C2CCCCC2)n1\N=C\c1ccc(O)c(O)c1O
215,ouabain,C[C@@H]1O[C@@H](O[C@H]2C[C@@H](O)[C@]3(CO)[C@H]4[C@H](O)C[C@]5(C)[C@H](CC[C@]5(O)[C@@H]4CC[C@]3(O)C2)C2=CC(=O)OC2)[C@H](O)[C@H](O)[C@H]1O
216,BRD6340,C(Cn1c2ccccc2c2ccccc12)c1nc2ccccc2[nH]1
217,darinaparsin,C[As](C)SC[C@H](NC(=O)CC[C@H](N)C(O)=O)C(=O)NCC(O)=O
218,niclosamide,Oc1ccc(Cl)cc1C(=O)Nc1ccc(cc1Cl)[N+]([O-])=O
219,KU-60019,C[C@H]1CN(CC(=O)Nc2ccc3Sc4c(Cc3c2)cccc4-c2cc(=O)cc(o2)N2CCOCC2)C[C@@H](C)O1
220,I-BET151,COc1cc2c3n([C@H](C)c4ccccn4)c(=O)[nH]c3cnc2cc1-c1c(C)noc1C
221,StemRegenin 1,CC(C)n1cnc2c(NCCc3ccc(O)cc3)nc(nc12)-c1csc2ccccc12
222,NPC-26,CCOC(=O)c1c(NC(=O)c2ccc(s2)[N+]([O-])=O)sc2c1CC(C)(C)NC2(C)C
223,BRD-K37390332,C[C@H](CO)N1C[C@H](C)[C@@H](CN(C)C(=O)Nc2cccc3ccccc23)Oc2ccc(NC(=O)c3ccncc3)cc2CC1=O
224,SB-525334,Cc1cccc(n1)-c1[nH]c(nc1-c1ccc2nccnc2c1)C(C)(C)C
225,PF-3758309,CN(C)C[C@@H](NC(=O)N1Cc2c(Nc3nc(C)nc4ccsc34)n[nH]c2C1(C)C)c1ccccc1
226,etoposide,COc1cc(cc(OC)c1O)[C@H]1[C@@H]2[C@H](COC2=O)[C@H](O[C@@H]2O[C@@H]3CO[C@@H](C)O[C@H]3[C@H](O)[C@H]2O)c2cc3OCOc3cc12
227,LY-2183240,CN(C)C(=O)n1nnnc1Cc1ccc(cc1)-c1ccccc1
228,nakiterpiosin,C[C@H]1C[C@@H](OC1=O)[C@@H](O)[C@@H](C(Cl)Cl)c1ccc2[C@@H]3C[C@@H](Br)[C@]45O[C@H](C[C@]4(C)[C@H]3C(=O)c2c1C)CO[C@H]5O
229,ML031,Cc1cc(C(=O)CN2C(=O)CCC2=O)c(C)n1Cc1ccccc1
230,NSC19630,CCC(=O)OCN1C(=O)C=CC1=O
231,lenvatinib,COc1cc2nccc(Oc3ccc(NC(=O)NC4CC4)c(Cl)c3)c2cc1C(N)=O
232,NSC 74859,Cc1ccc(cc1)S(=O)(=O)OCC(=O)Nc1ccc(C(O)=O)c(O)c1
233,BRD-K41334119,CNC[C@@H]1Oc2ccc(NS(C)(=O)=O)cc2CC(=O)N(C[C@@H]1C)[C@H](C)CO
234,BRD-K41597374,C[C@H](CO)N1C[C@H](C)[C@H](CN(C)C(=O)Nc2cc(F)ccc2F)Oc2cc(ccc2S1(=O)=O)C#CC1CCCC1
235,palmostatin B,CCCCCCCCCC[C@H]1[C@H](CCc2ccc(OC)c(OC)c2)OC1=O
236,BRD-K42260513,CC(C)n1ncc2c(cc(cc12)-c1ccc(nc1)N1CCNCC1)C(=O)NCc1c(C)cc(C)[nH]c1=O
237,sunitinib,CCN(CC)CCNC(=O)c1c(C)[nH]c(\C=C2/C(=O)Nc3ccc(F)cc23)c1C
238,myricetin,Oc1cc(O)c2c(c1)oc(-c1cc(O)c(O)c(O)c1)c(O)c2=O
239,SNS-032,CC(C)(C)c1cnc(CSc2cnc(NC(=O)C3CCNCC3)s2)o1
240,MLN2480,C[C@@H](NC(=O)c1ncnc(N)c1Cl)c1ncc(s1)C(=O)Nc1cc(c(Cl)cn1)C(F)(F)F
241,PF-4800567 hydrochloride,Nc1ncnc2n(nc(COc3cccc(Cl)c3)c12)C1CCOCC1
242,WP1130,CCC[C@H](NC(=O)C(=C\c1cccc(Br)n1)\C#N)c1ccccc1
243,BRD-K44224150,CNC[C@@H]1Oc2ccc(NC(=O)C3CCCCC3)cc2C(=O)N(C[C@@H]1C)[C@@H](C)CO
244,ML083,COc1ccc(cc1)S(=O)(=O)N1CCN(CC1)S(=O)(=O)c1ccc2OCCOc2c1
245,pandacostat,ONC(=O)\C=C\c1ccc(cc1)C(=O)N\N=C\c1ccc(O)c(O)c1O
246,ELCPK,O=S(=O)(N1CCCc2ccccc12)c1ccc(cc1)-c1cnc(o1)C1CC1
247,betulinic acid,CC(=C)[C@@H]1CC[C@@]2(CC[C@]3(C)[C@H](CC[C@@H]4[C@@]5(C)CC[C@H](O)C(C)(C)[C@@H]5CC[C@@]34C)[C@@H]12)C(O)=O
248,BRD-K45681478,ClC1=C(NCC=C)C(=O)c2ccccc2C1=O
249,NSC48300,O[As](O)(=O)c1ccc(Cc2ccc(cc2)[As](O)(O)=O)cc1
250,IU1,Cc1cc(C(=O)CN2CCCC2)c(C)n1-c1ccc(F)cc1
251,BMS-195614,CC1(C)CC=C(c2cnc3ccccc3c2)c2cc(ccc12)C(=O)Nc1ccc(cc1)C(O)=O
252,CIL55,CN(C)CCNC(=O)c1cc2CSc3cc(Cl)ccc3-c2s1
253,Ki8751,COc1cc2nccc(Oc3ccc(NC(=O)Nc4ccc(F)cc4F)c(F)c3)c2cc1OC
254,GMX-1778,Clc1ccc(OCCCCCC\N=C(\NC#N)Nc2ccncc2)cc1
255,Repligen 136,Cc1ccc(cc1)C(=O)NCCCCCC(=O)Nc1ccc(F)cc1N
256,SR1001,CC(=O)Nc1nc(C)c(s1)S(=O)(=O)Nc1ccc(cc1)C(O)(C(F)(F)F)C(F)(F)F
257,BRD-K48334597,C[C@H](CO)N1C[C@H](C)[C@@H](CN(C)C(=O)NC2CCCCC2)Oc2ccc(NC(=O)Cc3cn(C)c4ccccc34)cc2C1=O
258,BRD-K48477130,Cc1n[nH]c2NC3=C([C@@H](c12)c1ccccc1)C(=O)CC(C)(C)C3
259,nintedanib,COC(=O)c1ccc2c(NC(=O)\C2=C(/Nc2ccc(cc2)N(C)C(=O)CN2CCN(C)CC2)c2ccccc2)c1
260,GSK2636771,Cc1nc2c(cc(cc2n1Cc1cccc(c1C)C(F)(F)F)N1CCOCC1)C(O)=O
261,BRD-K49290616,OC[C@@H]1O[C@@H](CC(=O)NCc2ccncn2)CC[C@H]1NC(=O)c1ccc(F)cc1
262,dasatinib,Cc1nc(Nc2ncc(s2)C(=O)Nc2c(C)cccc2Cl)cc(n1)N1CCN(CCO)CC1
263,PRIMA-1-Met,COC[C@]1(CO)[N@@]2CC[C@@H](CC2)C1=O
264,abiraterone,C[C@]12CC[C@H]3[C@@H](CC=C4C[C@@H](O)CC[C@]34C)[C@@H]1CC=C2c1cccnc1
265,sildenafil,CCCc1nn(C)c2C(=O)NC(=Nc12)c3cc(ccc3OCC)S(=O)(=O)N4CCN(C)CC4
266,NVP-TAE684,COc1cc(ccc1Nc1ncc(Cl)c(Nc2ccccc2S(=O)(=O)C(C)C)n1)N1CCC(CC1)N1CCN(C)CC1
267,necrostatin-7,Fc1ccc(cc1)-c1n[nH]cc1C=C1SC(=N)N(C1=O)c1nccs1
268,canertinib,Fc1ccc(Nc2ncnc3cc(OCCCN4CCOCC4)c(NC(=O)C=C)cc23)cc1Cl
269,HBX-41108,Clc1ccc-2c(c1)C(=O)c1nc(C#N)c(nc-21)C#N
270,BRD-K50799972,COc1ccccc1-c1cccc(c1)-c1nc(cc2CN([C@@H](CCO)c12)[S@@](=O)C(C)(C)C)C(=O)NCc1ccncc1
271,BRD-K51490254,ONC(=O)c1cccc(c1)C(=O)Nc1ccccc1
272,cabozantinib,COc1cc2nccc(Oc3ccc(NC(=O)C4(CC4)C(=O)Nc4ccc(F)cc4)cc3)c2cc1OC
273,TPCA-1,NC(=O)Nc1sc(cc1C(N)=O)-c1ccc(F)cc1
274,CAY10576,COc1cc2ncn(-c3cc(OCc4ccccc4S(C)(=O)=O)c(s3)C#N)c2cc1OC
275,BRD-K51831558,CC(C)n1ncc2c(cc(Br)cc12)C(=O)NCc1c(C)cc(C)[nH]c1=O
276,BRD-K52037352,C[C@@H](CO)N1C[C@H](C)[C@H](CN(C)C(=O)Nc2cccc3ccccc23)Oc2ccc(NC(=O)NC3CCCCC3)cc2CC1=O
277,cerulenin,C\C=C\C\C=C\CCC(=O)[C@H]1O[C@H]1C(N)=O
278,tacedinaline,CC(=O)Nc1ccc(cc1)C(=O)Nc1ccccc1N
279,methylstat,COC(=O)\C=C\C(=O)N(O)CCCCNCc1ccc(COC(=O)Nc2cccc3ccccc23)cc1
280,AZD7545,CN(C)C(=O)c1ccc(cc1)S(=O)(=O)c1ccc(NC(=O)[C@@](C)(O)C(F)(F)F)c(Cl)c1
281,GDC-0941,CS(=O)(=O)N1CCN(Cc2cc3nc(nc(N4CCOCC4)c3s2)-c2cccc3[nH]ncc23)CC1
282,JW-55,COc1ccc(cc1)C1(CNC(=O)c2ccc(NC(=O)c3ccco3)cc2)CCOCC1
283,tivozanib,COc1cc2nccc(Oc3ccc(NC(=O)Nc4cc(C)on4)c(Cl)c3)c2cc1OC
284,BEC,N[C@H](CSCCB(O)O)C(O)=O
285,SRT-1720,O=C(Nc1cc(CN2CCNCC2)cc(c1)-c1nc2ccccc2[nH]1)c1cnc2ccccc2n1
286,neuronal differentiation inducer III,O=C(NC1CC1)c1cc(on1)-c1cccs1
287,ruxolitinib,N#CC[C@H](C1CCCC1)n1cc(cn1)-c1ncnc2[nH]ccc12
288,MK-1775,CN1CCN(CC1)c1ccc(Nc2ncc3c(n2)n(-c2cccc(n2)C(C)(C)O)n(CC=C)c3=O)cc1
289,JQ-1,Cc1sc-2c(c1C)C(=N[C@@H](CC(=O)OC(C)(C)C)c1nnc(C)n-21)c1ccc(Cl)cc1
290,WAY-362450,CC(C)OC(=O)C1=CN(CC(C)(C)c2c1[nH]c1ccccc21)C(=O)c1ccc(F)c(F)c1
291,BYL-719,Cc1nc(NC(=O)N2CCC[C@H]2C(N)=O)sc1-c1ccnc(c1)C(C)(C)C(F)(F)F
292,BRD-K55116708,C[C@@H](CO)N1C[C@@H](C)[C@@H](CN(C)Cc2ccc(cc2)C(=O)Nc2ccccc2N)Oc2c(NC(=O)Nc3ccccc3)cccc2C1=O
293,SZ4TA2,CC1(C)CCN(CC1)c1ccc(cc1)C(=O)NS(=O)(=O)c1ccc(NCCSc2ccccc2)c(c1)[N+]([O-])=O
294,rigosertib,COc1cc(OC)c(\C=C\S(=O)(=O)Cc2ccc(OC)c(NCC(O)=O)c2)c(OC)c1
295,isonicotinohydroxamic acid,ONC(=O)c1ccncc1
296,epigallocatechin-3-monogallate,Oc1cc(O)c2C[C@@H](OC(=O)c3cc(O)c(O)c(O)c3)[C@H](Oc2c1)c1cc(O)c(O)c(O)c1
297,topotecan,CC[C@@]1(O)C(=O)OCc2c1cc1-c3nc4ccc(O)c(CN(C)C)c4cc3Cn1c2=O
298,MGCD-265,Cn1cnc(c1)-c1cc2nccc(Oc3ccc(NC(=S)NC(=O)Cc4ccccc4)cc3F)c2s1
299,ABT-737,CN(C)CC[C@H](CSc1ccccc1)Nc1ccc(cc1[N+]([O-])=O)S(=O)(=O)NC(=O)c1ccc(cc1)N1CCN(Cc2ccccc2-c2ccc(Cl)cc2)CC1
300,vemurafenib,CCCS(=O)(=O)Nc1ccc(F)c(C(=O)c2c[nH]c3ncc(cc23)-c2ccc(Cl)cc2)c1F
301,selumetinib,Cn1cnc2c(F)c(Nc3ccc(Br)cc3Cl)c(cc12)C(=O)NOCCO
302,marinopyrrole A,Oc1ccccc1C(=O)c1[nH]c(Cl)c(Cl)c1-n1c(cc(Cl)c1Cl)C(=O)c1ccccc1O
303,AT13387,CC(C)c1cc(C(=O)N2Cc3ccc(CN4CCN(C)CC4)cc3C2)c(O)cc1O
304,daporinad,O=C(NCCCCC1CCN(CC1)C(=O)c1ccccc1)\C=C\c1cccnc1
305,AZD6482,C[C@@H](Nc1ccccc1C(O)=O)c1cc(C)cn2c1nc(cc2=O)N1CCOCC1
306,AZ-3146,COc1cc(OC2CCN(C)CC2)ccc1Nc1ncc2n(C)c(=O)n(C3CCCC3)c2n1
307,DBeQ,C(Nc1nc(NCc2ccccc2)c2ccccc2n1)c1ccccc1
308,tozasertib,CN1CCN(CC1)c1cc(Nc2cc(C)[nH]n2)nc(Sc2ccc(NC(=O)C3CC3)cc2)n1
309,bardoxolone methyl,COC(=O)[C@@]12CCC(C)(C)C[C@@H]1[C@@H]1C(=O)C=C3[C@]4(C)C=C(C#N)C(=O)C(C)(C)[C@H]4CC[C@]3(C)[C@@]1(C)CC2
310,methotrexate,CN(Cc1cnc2nc(N)nc(N)c2n1)c1ccc(cc1)C(=O)N[C@@H](CCC(O)=O)C(O)=O
311,mitomycin,CO[C@]12[C@H]3N[C@H]3CN1C1=C([C@H]2COC(N)=O)C(=O)C(N)=C(C)C1=O
312,ML029,Cc1cc2nc(NCCCO)n(CC(=O)c3cc(c(O)c(c3)C(C)(C)C)C(C)(C)C)c2cc1C
313,serdemetan,C(Cc1c[nH]c2ccccc12)Nc1cccc(Nc2ccncc2)c1
314,MG-132,CC(C)C[C@H](NC(=O)[C@H](CC(C)C)NC(=O)[C@H](CC(C)C)NC(=O)OCc1ccccc1)C=O
315,PYR-41,CCOC(=O)c1ccc(cc1)N1NC(=O)C(=Cc2ccc(o2)[N+]([O-])=O)C1=O
316,CAL-101,CC[C@H](Nc1ncnc2[nH]cnc12)c1nc2cccc(F)c2c(=O)n1-c1ccccc1
317,Mdivi-1,COc1cc(c(Cl)cc1Cl)-n1c(=S)[nH]c2ccccc2c1=O
318,BRD-K61166597,Nc1ccc(cc1NC(=O)c1ccc(cc1)C(=O)NCCc1ccncc1)-c1cccs1
319,SB-225002,Oc1cc(ccc1NC(=O)Nc1ccccc1Br)[N+]([O-])=O
320,CAY10594,O=C(NCCN1CCC2(CC1)N(CNC2=O)c1ccccc1)c1ccc2ccccc2c1
321,Compound 7d-cis,CCOC(=O)\C=C/n1nnc(n1)-c1cccc(Cl)c1
322,SB-743921,CC(C)[C@H](N(CCCN)C(=O)c1ccc(C)cc1)c1oc2cc(Cl)ccc2c(=O)c1Cc1ccccc1
323,ABT-199,CC1(C)CCC(CN2CCN(CC2)c2ccc(C(=O)NS(=O)(=O)c3ccc(NCC4CCOCC4)c(c3)[N+]([O-])=O)c(Oc3cnc4[nH]ccc4c3)c2)=C(C1)c1ccc(Cl)cc1
324,neopeltolide,CCC[C@H]1C[C@H](C[C@H](C)C[C@@H]2C[C@H](C[C@H](CC(=O)O1)O2)OC(=O)\C=C/CCc1coc(\C=C/CNC(=O)OC)n1)OC
325,BRD1835,C[C@@H](CO)N1C[C@H](C)[C@@H](CN(C)Cc2ccc(cc2)C(O)=O)Oc2cc(ccc2S1(=O)=O)C#CCC1CCCC1
326,BRD-K70511574,COc1ccc(cc1)S(=O)(=O)N(C(=O)C)c2ccccc2C=Cc3cc[n+]([O-])cc3
327,tipifarnib-P2,Cn1cncc1[C@@](N)(c1ccc(Cl)cc1)c1ccc2n(C)c(=O)cc(-c3cccc(Cl)c3)c2c1
328,ZSTK474,FC(F)c1nc2ccccc2n1-c1nc(nc(n1)N1CCOCC1)N1CCOCC1
329,tipifarnib-P1,Cn1cncc1[C@](N)(c1ccc(Cl)cc1)c1ccc2n(C)c(=O)cc(-c3cccc(Cl)c3)c2c1
330,BRD-K63431240,C[C@@H](CO)N1C[C@H](C)[C@@H](CN(C)C(=O)Nc2ccc3OCOc3c2)Oc2cc(ccc2S1(=O)=O)C#Cc1ccncc1
331,barasertib,CCN(CCO)CCCOc1ccc2c(Nc3cc(CC(=O)Nc4cccc(F)c4)[nH]n3)ncnc2c1
332,gefitinib,COc1cc2ncnc(Nc3ccc(F)c(Cl)c3)c2cc1OCCCN1CCOCC1
333,necrosulfonamide,COc1nccnc1NS(=O)(=O)c1ccc(NC(=O)\C=C\c2ccc(s2)[N+]([O-])=O)cc1
334,MI-1,CC1(C)CN=C(S1)N1CCN(CC1)c1ncnc2sc3CCCCc3c12
335,apicidin,CC[C@@H](C)[C@@H]1NC(=O)[C@H](Cc2cn(OC)c3ccccc23)NC(=O)[C@H](CCCCCC(=O)CC)NC(=O)[C@H]2CCCCN2C1=O
336,BRD-K64610608,COc1ccc(cc1)S(=O)(=O)N(C)C[C@@H]1Oc2c(NC(=O)Nc3cccc4ccccc34)cccc2C(=O)N(C[C@H]1C)[C@@H](C)CO
337,tretinoin,CC(=CC=CC(=CC(=O)O)C)C=CC1=C(C)CCCC1(C)C
338,Ko-143,COc1ccc2c3C[C@@H]4N([C@@H](CC(C)C)c3[nH]c2c1)C(=O)[C@H](CCC(=O)OC(C)(C)C)NC4=O
339,TG-100-115,Nc1nc(N)c2nc(-c3cccc(O)c3)c(nc2n1)-c1cccc(O)c1
340,PHA-793887,CC(C)CC(=O)Nc1n[nH]c2c1CN(C(=O)C1CCN(C)CC1)C2(C)C
341,BI-2536,CC[C@H]1N(C2CCCC2)c2nc(Nc3ccc(cc3OC)C(=O)NC3CCN(C)CC3)ncc2N(C)C1=O
342,semagacestat,CC(C)[C@H](O)C(=O)N[C@@H](C)C(=O)N[C@H]1c2ccccc2CCN(C)C1=O
343,AZD1480,C[C@H](Nc1ncc(Cl)c(Nc2cc(C)[nH]n2)n1)c1ncc(F)cn1
344,afatinib,CN(C)C\C=C\C(=O)Nc1cc2c(Nc3ccc(F)c(Cl)c3)ncnc2cc1O[C@H]1CCOC1
345,KH-CB19,CCOC(=O)c1c(C(=CN)C#N)c2ccc(Cl)c(Cl)c2n1C
346,BRD-K66453893,C[C@@H](CO)N1C[C@H](C)[C@H](CN(C)S(=O)(=O)c2ccc(Cl)cc2)Oc2ccc(NC(=O)CCC(F)(F)F)cc2CC1=O
347,BRD-K66532283,Nc1ccc(cc1NC(=O)C1=CCCC1)-c1cccs1
348,pifithrin-alpha,Cc1ccc(cc1)C(=O)Cn1c2CCCCc2sc1=N
349,Compound 23 citrate,CN(C)[C@H]1CC[C@H]2[C@@H](CC[C@H]3[C@@H]4CC=C(c5ccc6cnccc6c5)[C@@]4(C)CC[C@H]23)C1
350,SB-431542,NC(=O)c1ccc(cc1)-c1nc(c([nH]1)-c1ccccn1)-c1ccc2OCOc2c1
351,KU-0063794,COc1ccc(cc1CO)-c1ccc2c(nc(nc2n1)N1C[C@H](C)O[C@H](C)C1)N1CCOCC1
352,GDC-0879,OCCn1cc(c(n1)-c1ccncc1)-c1ccc2c(CC\C2=N/O)c1
353,pevonedistat,NS(=O)(=O)OC[C@@H]1C[C@H](C[C@@H]1O)n1ccc2c(N[C@H]3CCc4ccccc34)ncnc12
354,PI-103,Oc1cccc(c1)-c1nc(N2CCOCC2)c2oc3ncccc3c2n1
355,MK-2206,NC1(CCC1)c1ccc(cc1)-c1nc2ccn3c(n[nH]c3=O)c2cc1-c1ccccc1
356,NSC95397,OCCSC1=C(SCCO)C(=O)c2ccccc2C1=O
357,BRD8958,CC1=NN(C(=O)C\1=C\c1ccc(o1)-c1cc(C)c(C)cc1[N+]([O-])=O)c1ccc(cc1)C(O)=O
358,alvocidib,CN1CC[C@H]([C@H](O)C1)c1c(O)cc(O)c2c1oc(cc2=O)-c1ccccc1Cl
359,tacrolimus,CO[C@@H]1C[C@@H](CC[C@H]1O)\C=C(/C)[C@H]1OC(=O)[C@@H]2CCCCN2C(=O)C(=O)[C@]2(O)O[C@@H]([C@H](C[C@H]2C)OC)[C@H](C[C@@H](C)C\C(C)=C\[C@@H](CC=C)C(=O)C[C@H](O)[C@H]1C)OC
360,ISOX,CC(C)(C)OC(=O)Nc1ccc(cc1)-c1cc(no1)C(=O)NCCCCCCC(=O)NO
361,AZD8055,COc1ccc(cc1CO)-c1ccc2c(nc(nc2n1)N1CCOC[C@@H]1C)N1CCOC[C@@H]1C
362,CIL55A,CN(C)CCNC(=O)c1cc2CSc3ccc(Cl)cc3-c2s1
363,ibrutinib,Nc1ncnc2n(nc(-c3ccc(Oc4ccccc4)cc3)c12)[C@@H]1CCCN(C1)C(=O)C=C
364,erlotinib,COCCOc1cc2ncnc(Nc3cccc(c3)C#C)c2cc1OCCOC
365,ML312,CC(C)NC(=O)Nc1ccc2O[C@@H](CN(C)S(=O)(=O)c3ccc(Cl)cc3)[C@H](C)CN([C@H](C)CO)C(=O)c2c1
366,masitinib,CN1CCN(Cc2ccc(cc2)C(=O)Nc2ccc(C)c(Nc3nc(cs3)-c3cccnc3)c2)CC1
367,SNX-2112,CC1(C)Cc2c(c(nn2-c2ccc(C(N)=O)c(N[C@H]3CC[C@H](O)CC3)c2)C(F)(F)F)C(=O)C1
368,KPT185,COc1cc(cc(c1)C(F)(F)F)-c1ncn(\C=C/C(=O)OC(C)C)n1
369,Ch-55,CC(C)(C)c1cc(cc(c1)C(C)(C)C)C(=O)\C=C\c1ccc(cc1)C(O)=O
370,N9-isopropylolomoucine,CC(C)n1cnc2c(NCc3ccccc3)nc(NCCO)nc12
371,BRD-K71781559,OC(=O)c1ccc(NCc2nc3cc4ccccc4cc3[nH]2)cc1
372,BRD5468,COC(=O)C(CC#Cc1ccc2NC(=O)[C@@]3([C@H]([C@H]4N([C@H]3c3ccccc3OCCO)[C@@H]([C@@H](OC4=O)c3ccccc3)c3ccccc3)C(=O)N3CCN(CC3)c3ncccn3)c2c1)C(=O)OC
373,QW-BI-011,COC(=O)c1ccc2n(CCCc3ccccc3)c(NC(=O)c3ccccc3)nc2c1
374,WZ4002,COc1cc(ccc1Nc1ncc(Cl)c(Oc2cccc(NC(=O)C=C)c2)n1)N1CCN(C)CC1
375,BRD1812,Oc1ccc(C[C@@H]2N3[C@H](CN(Cc4cccc5ccccc45)C2=O)N(CCC3=O)C(=O)NCc2ccccc2)cc1
376,purmorphamine,C1CCC(CC1)n1cnc2c(Nc3ccc(cc3)N3CCOCC3)nc(Oc3cccc4ccccc34)nc12
377,BIRB-796,Cc1ccc(cc1)-n1nc(cc1NC(=O)Nc1ccc(OCCN2CCOCC2)c2ccccc12)C(C)(C)C
378,curcumin,COc1cc(C=CC(=O)CC(=O)C=Cc2ccc(O)c(OC)c2)ccc1O
379,UNC0321,COc1cc2c(NC3CCN(C)CC3)nc(nc2cc1OCCOCCN(C)C)N1CCCN(C)CC1
380,NSC632839,Cc1ccc(cc1)\C=C1\CNC\C(=C/c2ccc(C)cc2)C1=O
381,pazopanib,CN(c1ccc2c(C)n(C)nc2c1)c1ccnc(Nc2ccc(C)c(c2)S(N)(=O)=O)n1
382,BRD-K75293299,C[C@@H](CO)N1C[C@@H](C)[C@H](CN(C)C(=O)Nc2cccc3ccccc23)Oc2c(NC(=O)c3ccncc3)cccc2C1=O
383,alisertib,COc1cc(Nc2ncc3CN=C(c4cc(Cl)ccc4-c3n2)c2c(F)cccc2OC)ccc1C(O)=O
384,XL765,COc1cc(Nc2nc3ccccc3nc2NS(=O)(=O)c2ccc(NC(=O)c3ccc(C)c(OC)c3)cc2)cc(OC)c1
385,IC-87114,Cc1ccccc1-n1c(Cn2cnc3c(N)ncnc23)nc2cccc(C)c2c1=O
386,JW-74,COc1ccc(cc1)-n1c(SCc2nc(no2)-c2ccc(C)cc2)nnc1-c1ccncc1
387,omacetaxine mepesuccinate,COC(=O)C[C@](O)(CCCC(C)(C)O)C(=O)O[C@H]1[C@H]2c3cc4OCOc4cc3CCN3CCC[C@]23C=C1OC
388,YM-155,COCCn1c2c(C(=O)c3ccccc3C2=O)[n+](Cc2cnccn2)c1C
389,A-804598,C[C@H](\N=C(\NC#N)Nc1cccc2ncccc12)c1ccccc1
390,EX-527,NC(=O)[C@H]1CCCc2c1[nH]c1ccc(Cl)cc21
391,vandetanib,COc1cc2c(Nc3ccc(Br)cc3F)ncnc2cc1OCC1CCN(C)CC1
392,entinostat,Nc1ccccc1NC(=O)c1ccc(CNC(=O)OCc2cccnc2)cc1
393,LY-2157299,Cc1cccc(n1)-c1nn2CCCc2c1-c1ccnc2ccc(cc12)C(N)=O
394,crizotinib,C[C@@H](Oc1cc(cnc1N)-c1cnn(c1)C1CCNCC1)c1c(Cl)ccc(F)c1Cl
395,BRD-K78574327,C[C@H](CO)N1C[C@H](C)[C@H](CN(C)CC2CC2)Oc2ccc(NS(=O)(=O)c3cn(C)cn3)cc2C1=O
396,manumycin A,CCCC[C@@H](C)\C=C(C)\C=C(/C)C(=O)NC1=C[C@@](O)(\C=C\C=C\C=C\C(=O)NC2C(=O)CCC2=O)[C@@H]2O[C@@H]2C1=O
397,MLN2238,CC(C)C[C@H](NC(=O)CNC(=O)c1cc(Cl)ccc1Cl)B(O)O
398,GSK4112,CC(C)(C)OC(=O)CN(Cc1ccc(s1)[N+]([O-])=O)Cc1ccc(Cl)cc1
399,KHS101,CC(C)CNc1ccnc(NCc2csc(n2)-c2ccccc2)n1
400,PF-573228,CS(=O)(=O)c1cccc(CNc2nc(Nc3ccc4NC(=O)CCc4c3)ncc2C(F)(F)F)c1
401,decitabine,Nc1ncn([C@H]2C[C@H](O)[C@@H](CO)O2)c(=O)n1
402,PF-543,Cc1cc(CS(=O)(=O)c2ccccc2)cc(OCc2ccc(CN3CCC[C@@H]3CO)cc2)c1
403,BRD-K80183349,CC(=O)N1CCC(CC1)C(=O)Nc1cc(ccc1N)-c1cccs1
404,ML203,Nc1cccc(c1)S(=O)(=O)N1CCCN(CC1)S(=O)(=O)c1ccc2OCCOc2c1
405,etomoxir,OC(=O)[C@@]1(CCCCCCOc2ccc(Cl)cc2)CO1
406,vorinostat,ONC(=O)CCCCCCC(=O)Nc1ccccc1
407,silmitasertib,OC(=O)c1ccc2c(c1)nc(Nc1cccc(Cl)c1)c1ccncc21
408,tanespimycin,CO[C@H]1C[C@H](C)CC2=C(NCC=C)C(=O)C=C(NC(=O)\C(C)=C\C=C/[C@H](OC)[C@@H](OC(N)=O)\C(C)=C\[C@H](C)[C@H]1O)C2=O
409,ML320,COc1ccccc1[C@H]1c2c(NC3=C1C(=O)CC(C)(C)C3)n[nH]c2C(F)(F)F
410,nilotinib,Cc1cn(cn1)-c1cc(NC(=O)c2ccc(C)c(Nc3nccc(n3)-c3cccnc3)c2)cc(c1)C(F)(F)F
411,parthenolide,C\C1=C\CC[C@@]2(C)O[C@@H]2[C@H]2OC(=O)C(=C)[C@@H]2CC1
412,WZ8040,CN1CCN(CC1)c1ccc(Nc2ncc(Cl)c(Sc3cccc(NC(=O)C=C)c3)n2)cc1
413,vincristine,CC[C@]1(O)C[C@@H]2CN(C1)CCc1c([nH]c3ccccc13)[C@@](C2)(C(=O)OC)c1cc2c(cc1OC)N(C=O)[C@@H]1[C@]22CCN3CC=C[C@](CC)([C@@H]23)[C@@H](OC(C)=O)[C@]1(O)C(=O)OC
414,navitoclax,CC1(C)CCC(=C(CN2CCN(CC2)c2ccc(cc2)C(=O)NS(=O)(=O)c2ccc(N[C@H](CCN3CCOCC3)CSc3ccccc3)c(c2)S(=O)(=O)C(F)(F)F)C1)c1ccc(Cl)cc1
415,PF-750,O=C(Nc1ccccc1)N1CCC(Cc2cnc3ccccc3c2)CC1
416,CAY10618,O=C(CCCCCCCn1cc(nn1)-c1cccnc1)Nc1ccccc1-c1ccccc1
417,PL-DI,COc1cc(\C=C\C(=O)N2CCC=CC2=O)cc(OC)c1OCCN(C)CCOc1c(OC)cc(\C=C\C(=O)N2CCC=CC2=O)cc1OC
418,skepinone-L,OC[C@@H](O)COc1ccc2CCc3cc(Nc4ccc(F)cc4F)ccc3C(=O)c2c1
419,nelarabine,COc1nc(N)nc2n(cnc12)[C@@H]1O[C@H](CO)[C@@H](O)[C@@H]1O
420,CBB-1007,COC(=O)c1cc(CN2CCN(CC2)C(N)=N)cc(c1)C(=O)N1CCN(CC1)C(=O)c1ccc(cc1)C(N)=N
421,BRD-K84807411,C[C@H](CO)N1C[C@H](C)[C@@H](CN(C)C)Oc2c(NC(=O)c3cc(C)nn3C)cccc2C1=O
422,sirolimus,CO[C@@H]1C[C@H](C[C@@H](C)[C@@H]2CC(=O)[C@H](C)\C=C(C)\[C@@H](O)[C@@H](OC)C(=O)[C@H](C)C[C@H](C)\C=C\C=C\C=C(C)\[C@H](C[C@@H]3CC[C@@H](C)[C@@](O)(O3)C(=O)C(=O)N3CCCC[C@H]3C(=O)O2)OC)CC[C@H]1O
423,spautin-1,Fc1ccc(CNc2ncnc3ccc(F)cc23)cc1
424,BRD-K85133207,CC(=O)N[C@H]1C[C@H](C1)C(=O)Nc1cc(ccc1N)-c1ccc(F)cc1
425,neratinib,CCOc1cc2ncc(C#N)c(Nc3ccc(OCc4ccccn4)c(Cl)c3)c2cc1NC(=O)\C=C\CN(C)C
426,AZD7762,NC(=O)Nc1cc(sc1C(=O)N[C@H]1CCCNC1)-c1cccc(F)c1
427,BRD-K86535717,CO[C@@H]1CC[C@H]2CCN(C)C(=O)[C@@H](C)[C@H](CN(C)C(=O)c3cccc(C#N)c3OC[C@H]1O2)OC
428,BRD4132,CC(C)N1C(=O)S\C(=C\c2ccc(Sc3nc4ccccc4[nH]3)o2)C1=O
429,bafilomycin A1,CO[C@H]1\C=C\C=C(C)\C[C@@H](C)[C@H](O)[C@H](C)\C=C(C)\C=C(OC)\C(=O)O[C@@H]1[C@@H](C)[C@@H](O)[C@H](C)[C@H]1C[C@@H](O)[C@H](C)[C@H](O1)C(C)C
430,UNC0638,COc1cc2c(NC3CCN(CC3)C(C)C)nc(nc2cc1OCCCN1CCCC1)C1CCCCC1
431,cediranib,COc1cc2c(Oc3ccc4[nH]c(C)cc4c3F)ncnc2cc1OCCCN1CCCC1
432,OSI-027,COc1cccc2cc([nH]c12)-c1nc([C@H]2CC[C@@H](CC2)C(O)=O)n2ncnc(N)c12
433,veliparib,C[C@@]1(CCCN1)c1nc2c(cccc2[nH]1)C(N)=O
434,L-685458,CC(C)C[C@H](NC(=O)[C@@H](C[C@@H](O)[C@H](Cc1ccccc1)NC(=O)OC(C)(C)C)Cc1ccccc1)C(=O)N[C@@H](Cc1ccccc1)C(N)=O
435,momelotinib,O=C(NCC#N)c1ccc(cc1)-c1ccnc(Nc2ccc(cc2)N2CCOCC2)n1
436,istradefylline,CCn1c2nc(\C=C\c3ccc(OC)c(OC)c3)n(C)c2c(=O)n(CC)c1=O
437,fingolimod,CCCCCCCCc1ccc(CCC(N)(CO)CO)cc1
438,bortezomib,CC(C)C[C@H](NC(=O)[C@H](Cc1ccccc1)NC(=O)c1cnccn1)B(O)O
439,CI-976,CCCCCCCCCCC(C)(C)C(=O)Nc1c(OC)cc(OC)cc1OC
440,BRD-K88742110,COc1ccc(Cn2ccc3ccc(cc23)C(=O)NO)cc1
441,tandutinib,COc1cc2c(ncnc2cc1OCCCN1CCCCC1)N1CCN(CC1)C(=O)Nc1ccc(OC(C)C)cc1
442,BRD9876,CC(C)(C)c1ccc2cc(C#N)c(cc2c1)C#N
443,RG-108,OC(=O)[C@H](Cc1c[nH]c2ccccc12)N1C(=O)c2ccccc2C1=O
444,ML006,C1CN(CCO1)c1nnc(-c2ccccc2)c(n1)-c1ccccc1
445,trifluoperazine,CN1CCN(CCCN2c3ccccc3Sc3ccc(cc23)C(F)(F)F)CC1
446,BRD-K90370028,CC(=O)N[C@@H]1C\C=C\CCC(=O)N[C@@H](COC1=O)c1ccccc1
447,GW-843682X,COc1cc2ncn(-c3cc(OCc4ccccc4C(F)(F)F)c(s3)C(N)=O)c2cc1OC
448,pitstop2,Brc1ccc(cc1)\C=C1/SC(NS(=O)(=O)c2cccc3ccccc23)=NC1=O
449,bosutinib,COc1cc(Nc2cc(nc3cc(OCCCN4CCN(C)CC4)c(OC)cc23)C#N)c(Cl)cc1Cl
450,MI-2,CCCc1cc2c(ncnc2s1)N1CCN(CC1)C1=NCC(C)(C)S1
451,O-6-benzylguanine,Nc1nc(OCc2ccccc2)c2[nH]cnc2n1
452,doxorubicin,COc1cccc2C(=O)c3c(O)c4C[C@](O)(C[C@H](O[C@H]5C[C@H](N)[C@H](O)[C@H](C)O5)c4c(O)c3C(=O)c12)C(=O)CO
453,tosedostat,CC(C)C[C@H]([C@H](O)C(=O)NO)C(=O)N[C@H](C(=O)OC1CCCC1)c1ccccc1
454,GSK461364,C[C@@H](Oc1cc(sc1C(N)=O)-n1cnc2ccc(CN3CCN(C)CC3)cc12)c1ccccc1C(F)(F)F
455,bexarotene,Cc1cc2c(cc1C(=C)c1ccc(cc1)C(O)=O)C(C)(C)CCC2(C)C
456,imatinib,CN1CCN(Cc2ccc(cc2)C(=O)Nc2ccc(C)c(Nc3nccc(n3)-c3cccnc3)c2)CC1
457,BRD-K92856060,COc1ccc(cc1[N+]([O-])=O)S(=O)(=O)N(C(C)=O)c1ccc(OC(C)=O)c2ccccc12
458,SMER-3,O=C1c2ccccc2-c2nc3nonc3nc12
459,PAC-1,Oc1c(CC=C)cccc1\C=N\NC(=O)CN1CCN(Cc2ccccc2)CC1
460,SJ-172550,CCOc1cc(cc(Cl)c1OCC(=O)OC)\C=C1C(=O)N(N=C/1C)c1ccccc1
461,RAF265,Cn1c(Nc2ccc(cc2)C(F)(F)F)nc2cc(Oc3ccnc(c3)-c3ncc([nH]3)C(F)(F)F)ccc12
462,AC55649,CCCCCCCCc1ccc(cc1)-c1ccc(cc1)C(O)=O
463,ML334 diastereomer,OC(=O)[C@@H]1CCCC[C@@H]1C(=O)N1CCc2ccccc2[C@H]1CN1C(=O)c2ccccc2C1=O
464,vorapaxar,CCOC(=O)N[C@@H]1CC[C@@H]2[C@H](C[C@@H]3[C@@H]([C@@H](C)OC3=O)[C@H]2\C=C\c2ccc(cn2)-c2cccc(F)c2)C1
465,tamoxifen,CC\C(c1ccccc1)=C(/c1ccccc1)c1ccc(OCCN(C)C)cc1
466,quizartinib,CC(C)(C)c1cc(NC(=O)Nc2ccc(cc2)-c2cn3c(n2)sc2cc(OCCN4CCOCC4)ccc32)no1
467,CHM-1,Fc1ccccc1-c1cc(=O)c2cc3OCOc3cc2[nH]1
468,BRD1378,COCCOC(=O)N1C(=O)[C@]2([C@@H]([C@@H]3N([C@@H]2c2ccccc2OCCO)[C@H]([C@H](OC3=O)c2ccccc2)c2ccccc2)C(=O)NCC=C)c2cc(ccc12)C#CCC(C(=O)OC)C(=O)OC
469,VAF-347,FC(F)(F)c1ccc(Nc2nccc(n2)-c2cccc(Cl)c2)cc1
470,BRD-K96431673,CN1CCN(CC1)C(=O)C[C@H]1CC[C@H](NC(=O)c2ccc3OCOc3c2)[C@@H](CO)O1
471,pifithrin-mu,NS(=O)(=O)C#Cc1ccccc1
472,BRD-K96970199,C\C=C\c1ccc2c(O[C@@H](CN(C)C(=O)c3ccccc3)[C@@H](C)CN([C@@H](C)CO)S2(=O)=O)c1
473,BRD-K97651142,CN(CCc1cc(Br)c(OCCCNc2ncnc3n(C)cnc23)c(Br)c1)C(=O)c1ccc(C)cc1
474,GSK-J4,CCOC(=O)CCNc1cc(nc(n1)-c1ccccn1)N1CCc2ccccc2CC1
475,16-beta-bromoandrosterone,C[C@]12CC[C@H]3[C@@H](CC[C@H]4C[C@H](O)CC[C@]34C)[C@@H]1C[C@H](Br)C2=O
476,pluripotin,CN1C(=O)N(Cc2cnc(Nc3cc(C)nn3C)nc12)c1cc(NC(=O)c2cccc(c2)C(F)(F)F)ccc1C
477,BRD-K99006945,CCN(CC)c1ccc(cc1)C1=NNC(=O)C[C@H]1C
478,JW-480,CC(C)c1ccccc1OC(=O)NCCc1ccc2ccccc2c1
479,linifanib,Cc1ccc(F)c(NC(=O)Nc2ccc(cc2)-c2cccc3[nH]nc(N)c23)c1
480,BRD-M00053801,C[C@H](O)[C@@H]1[C@H](CO)ON(Cc2cccc(CN(CCN(C)C)[C@H](C3CCCCC3)c3ccccc3)c2)[C@@H]1C(=O)N[C@H]1C[C@H]2C[C@@H]([C@@H]1C)C2(C)C.C[C@H](O)[C@@H]1[C@H](CO)ON(Cc2cccc(CN(CCN(C)C)[C@@H](C3CCCCC3)c3ccccc3)c2)[C@@H]1C(=O)N[C@H]1C[C@H]2C[C@@H]([C@@H]1C)C2(C)C
0,Platin,[Pt]
1,VX-680,CC1=CC(=NN1)NC2=CC(=NC(=N2)SC3=CC=C(C=C3)NC(=O)C4CC4)N5CCN(CC5)C
3,BRD-K99584050,CC[C@H](C)[C@H](NC(C)=O)C(=O)N[C@@H](Cc1c[nH]c2ccccc12)C(=O)N[C@@H]([C@@H](C)CC)C(=O)N[C@@H](C)C(=O)N[C@@H](CCC(N)=O)C(=O)N[C@@H](CCC(O)=O)C(=O)N[C@@H](CC(C)C)C(=O)N[C@@H](CCCNC(N)=N)C(=O)N[C@@]1(C)CCC\C=C/CCC[C@](C)(NC(=O)[C@H](CC(O)=O)NC(=O)CNC(=O)[C@@H](NC1=O)[C@@H](C)CC)C(=O)N[C@@H](Cc1ccccc1)C(=O)N[C@@H](CC(N)=O)C(=O)N[C@@H](C)C(=O)N[C@@H](Cc1ccc(O)cc1)C(=O)N[C@@H](Cc1ccc(O)cc1)C(=O)N[C@@H](C)C(=O)N[C@@H](CCCNC(N)=N)C(=O)N[C@@H](CCCNC(N)=N)C(N)=O
5,BRD-K94991378,COCCOC(=O)N1C2=C(C=C(C=C2)C#CCC(C(=O)OC)C(=O)OC)C3(C1=O)C(C4C(=O)OC(C(N4C3C5=CC=CC=C5OCCO)C6=CC=CC=C6)C7=CC=CC=C7)C(=O)NCC=C
6,BRD-K03536150,CC1=NN(C(=O)C\1=N\Nc1ccccc1C(O)=O)c1nc(cs1)-c1ccccc1
7,BRD-K20514654,CC[C@H](C)[C@H](NC(=O)[C@H](CCCNC(N)=N)NC(=O)[C@H](CCCNC(N)=N)NC(=O)CCNC(C)=O)C(=O)N[C@@H](CCC(N)=O)C(=O)N[C@@H](CCSC)C(=O)N[C@@H](CC(C)C)C(=O)N[C@@H](CC(C)C)C(=O)N[C@@H](CCC(O)=O)C(=O)N[C@@H](C)C(=O)N[C@@H](C)C(=O)N[C@@H](CC(N)=O)C(=O)N[C@@H](CCCNC(N)=N)C(=O)N[C@]1(C)CCC\C=C/CCC[C@@](C)(NC(=O)[C@H](CCCNC(N)=N)NC(=O)[C@H](CCCNC(N)=N)NC(=O)[C@H](CCC(O)=O)NC1=O)C(=O)N[C@@H](CCCNC(N)=N)C(N)=O
8,BRD-K71935468,COC(=O)C(CC#CC1=CC2=C(C=C1)NC(=O)C23C(C4C(=O)OC(C(N4C3C5=CC=CC=C5OCCO)C6=CC=CC=C6)C7=CC=CC=C7)C(=O)N8CCN(CC8)C9=NC=CC=N9)C(=O)OC
9,carboplatin,C1CC(C1)(C(=O)O)C(=O)O.[NH2-].[NH2-].[Pt+2]
11,BRD-K55473186,CC[C@H](C)[C@H](NC(=O)[C@H](CCCNC(N)=N)NC(=O)[C@H](CCCNC(N)=N)NC(=O)[C@H](CCCNC(N)=N)NC(=O)[C@H](CC(C)C)NC(=O)[C@H](CCCNC(N)=N)NC(=O)[C@H](CCC(O)=O)NC(=O)CCNC(C)=O)C(=O)N[C@]1(C)CCC\C=C/CCC[C@@](C)(NC(=O)[C@H](CCCNC(N)=N)NC(=O)[C@H](CS)NC(=O)[C@H](CC(C)C)NC1=O)C(=O)N[C@@H](Cc1c[nH]cn1)C(=O)N[C@@H](Cc1c[nH]cn1)C(=O)N[C@@H](CO)C(=O)N[C@@H]([C@@H](C)O)C(N)=O
12,PLX-4032,CCCS(=O)(=O)NC1=C(C(=C(C=C1)F)C(=O)C2=CNC3=C2C=C(C=N3)C4=CC=C(C=C4)Cl)F
13,BRD-K79669418,CC(C)C[C@@H]1NC(=O)[C@H](CCCNC(N)=N)NC(=O)[C@H](Cc2c[nH]c3ccccc23)NC(=O)[C@H](CC(C)C)NC(=O)[C@H](CC(N)=O)NC(=O)[C@@](C)(CCCCCC\C=C/CCC[C@](C)(NC(=O)[C@H](CC(C)C)NC1=O)C(=O)N[C@@H](CCC(N)=O)C(=O)N[C@@H](CC(N)=O)C(N)=O)NC(=O)[C@H](Cc1ccccc1)NC(=O)[C@@H](NC(=O)[C@H](CCC(N)=O)NC(=O)[C@H](CCC(N)=O)NC(=O)[C@H](CO)NC(=O)[C@H](CCC(N)=O)NC(C)=O)[C@@H](C)O
15,LBH-589,CC1=C(C2=CC=CC=C2N1)CCNCC3=CC=C(C=C3)C=CC(=O)NO
17,oxaliplatin,C1CCC(C(C1)[NH-])[NH-].C(=O)(C(=O)O)O.[Pt+2]
