,Number of Datasets,Combination,Cell Line Count,Cell Line List
0,1,CTRP,1,CRY1
1,1,GDSC1,419,"AAED1, ABCG1, ACAP1, ACP6, ACSL1, ACSM3, ADCY1, ADSSL1, AIM1L, AKAP6, AKR1B10P1, ALX1, ANGPTL2, ANK3, ANXA13, ANXA9, AOX1, AP1G2, APOL1, ARG2, ARHGAP22, ARHGAP23, ARHGEF25, ARHGEF5, ARID3A, ARID5B, ARX, AS3MT, ATF5, ATP11C, ATP8B4, BAG3, BCL11B, BCL6, BIN1, BLVRA, BTBD11, BTBD6, BTN3A2, C10orf11, C11orf75, C19orf21, C1RL, C1orf172, C1orf228, C1orf85, C7orf13, CABYR, CACNA1A, CAPN8, CCDC28B, CCDC3, CCDC74A, CCL3, CCNE2, CD300A, CD302, CD82, CD83, CD97, CDH6, CDKN1C, CDX2, CELSR1, CGA, CHGA, CITED1, CLEC2D, CMBL, CMTM3, CNIH3, CNKSR3, COL13A1, COL4A5, COL7A1, CPPED1, CPQ, CRABP1, CRAT, CRB3, CRYL1, CRYM, CSDA, CTDSPL, CTSK, CYP27A1, DAPL1, DDIT4L, DDX58, DHX32, DIP2C, DLC1, DLL3, DLX6, DSCR6, DUSP2, DUSP26, DYNC2H1, E2F5, EFNA5, ELK3, ELOVL2, EMB, EMC10, EML6, ENAH, ENDOD1, EPHX2, EPPK1, ETV5, FABP1, FAM108C1, FAM149A, FAM174B, FAM210B, FAM43A, FAM83A, FAM83H, FAM89A, FAM92A1, FAM92A1P1, FAT3, FAXC, FBXL16, FBXO2, FBXO27, FBXO32, FCGBP, FCGR2A, FCGRT, FGB, FGD6, FHDC1, FILIP1L, FKBP1B, FNBP1, FOXG1, FRAS1, FRZB, FUCA1, FYB, FZD2, FZD8, GADD45B, GADD45G, GALNT18, GAS1, GAS2L3, GBE1, GCSAM, GLCCI1, GLI3, GLRX, GNG4, GNG7, GPC2, GPR124, GPR98, GSDMB, HAND2, HCST, HIST3H2A, HKDC1, HLADRB5, HLAE, HMGN5, HMSD, HOXA11, HOXA13, HOXA9, HOXC13, HOXC4, HOXD8, HSD17B8, HSPA1B, HVCN1, HYLS1, ICA1, IER5L, IFI35, IFNLR1, IGDCC4, IGF2BP2, IGFN1, IGHM, IL2RB, INPP1, IQCG, IRF4, IRX1, ITGA7, ITGB6, ITPRIPL2, KCTD14, KIAA0922, KIAA1324L, KIF1A, KIF26A, KLF2, KLK1, KLK5, KLK8, KRT86, LACTB2, LAD1, LAMA3, LAMB2, LEMD1, LEPREL1, LGALS8, LGMNP1, LLGL2, LST1, LTBP2, LYSMD2, MAD1L1, MAF, MAGEC1, MAP3K5, MARC1, MARC2, MBOAT2, MCOLN2, MEIOB, MESP1, MGARP, MICAL1, MICALL2, MMP10, MN1, MNX1, MREG, MS4A3, MSL3P1, MT1A, MTSS1, MUC15, MUC16, MUCL1, MYBL1, MYCN, MYO1E, NAT1, NAV2, NAV3, NCKAP1L, NEDD9, NEK6, NMB, NMNAT2, NMNAT3, NPY, NR2F1, ONECUT2, OPLAH, OPTN, OTUD1, P4HTM, PARVA, PASD1, PAWR, PCDH17, PDE9A, PDGFRL, PDLIM3, PGM2L1, PIEZO2, PION, PITPNC1, PKP3, PLA1A, PLEKHG4, PNMA2, PNPLA3, POU3F2, POU4F1, PPP1R26, PPP1R9A, PPP2R2C, PREX1, PRICKLE1, PROX1, PRPH, PRR5L, PTGER4, PTPRN2, PVRL3, PXDC1, RAB11FIP5, RAB15, RAB17, RAB26, RAB27A, RASAL3, RASGEF1A, RBM47, RBMS3, RDH10, REC8, RELB, RFX8, RGS13, RGS5, RHOF, RHOV, RILPL2, RIMKLA, RNASE1, RNF157, RORA, RPP25, S100A7, S1PR3, SAMD11, SAMD13, SAMD5, SCGN, SCPEP1, SDCBP2, SH2D3A, SH3BGR, SH3BP5, SH3GL3, SH3KBP1, SH3PXD2B, SHC2, SIX4, SKAP2, SLC22A18, SLC24A3, SLC24A5, SLC26A2, SLC27A5, SLC2A12, SLC36A4, SLC38A1, SLC6A15, SLC7A2, SMIM10, SMIM14, SMOC1, SNCAIP, SOHLH2, SOX21, SOX8, SPAG4, SPATS2L, SPC25, SPG20, SRSF12, STAMBPL1, STAP2, STAT5A, STOX2, SUCNR1, SUSD3, SVIL, SYTL3, TANC2, TAP1, TBC1D8, TBX2, TBX3, TCEAL1, TCEAL2, TDRD7, TEAD4, TENM3, TFAP2B, THSD7A, TJP2, TLCD1, TLE1, TMEM100, TMEM108, TMEM159, TMEM163, TMEM171, TMEM216, TMEM51, TMOD1, TNFAIP8, TNFRSF19, TPST1, TRABD2A, TRAC, TRBC2, TRIM31, TRIM38, TRIM47, TRPC1, TRPS1, TSC22D3, TSPAN15, TSPAN2, TSPAN33, TTC28, UACA, UBASH3B, UBE2CP1, UGT2B7, ULBP2, VASN, VCX3A, WDFY4, WIPI1, WISP2, WNT10A, XYLT1, ZBTB38, ZC2HC1A, ZDHHC23, ZFHX4, ZHX2, ZNF204P, ZNF467, ZNF853, ZP3, ZSCAN31"
2,1,GDSC2,0,
3,1,NCI,2138,"AAK1, ABCC1, ABCC5, ABRACL, ACACB, ACADSB, ACAT1, ACKR3, ACLY, ACO2, ACOT7, ACP1, ACP5, ACTA1, ACTB, ACTG1, ACTL6A, ACTN4, ACVR1, ACVR1B, ACYP1, ADAM15, ADGRG1, ADI1, ADIPOR1, ADK, ADORA3, ADRA1A, ADRA2A, ADRA2B, ADRM1, ADSL, AES, AGRN, AGTRAP, AHCY, AHSA1, AIMP2, AIP, AK6, AKR1A1, ALB, ALDH5A1, ALDOA, ALG3, ALOX5, ALYREF, ANAPC11, ANAPC13, ANAPC15, ANAPC5, ANKK1, ANKRD10, ANKRD34B, ANP32A, ANP32B, ANXA11, ANXA2P2, ANXA7, AP1S1, AP2M1, AP2S1, AP3S1, APEX1, APIP, APLP2, APMAP, APOA1BP, APOC2, APRT, AR, AREG, ARF1, ARF4, ARF5, ARFGAP1, ARGLU1, ARHGDIA, ARL2, ARL2BP, ARL6IP1, ARL6IP4, ARPC1A, ARPC1B, ARPC2, ARPC3, ARPC5, ARPC5L, ASAH1, ASF1B, ASNA1, ASPH, ATF4, ATG3, ATN1, ATOX1, ATP1A1, ATP1A1AS1, ATP1B3, ATP5A1, ATP5B, ATP5C1, ATP5D, ATP5E, ATP5EP2, ATP5F1, ATP5G1, ATP5G2, ATP5G3, ATP5H, ATP5I, ATP5J, ATP5J2, ATP5L, ATP5O, ATP6AP1, ATP6V0B, ATP6V0C, ATP6V0D1, ATP6V0E1, ATP6V1E1, ATP6V1F, ATP6V1G1, ATPIF1, ATRAID, ATXN2L, AUP1, AURKAIP1, AURKC, B2M, B4GALT1, BABAM1, BAG6, BANF1, BAX, BCAM, BCAP31, BCAS2, BCCIP, BCL2L1, BCL2L2, BGLAP, BGN, BIRC5, BIRC7, BLOC1S1, BMP2K, BMPR1B, BMPR2, BMX, BOD1, BOLA2B, BOLA3, BOP1, BRI3, BRIX1, BRK1, BSG, BST1, BTF3, BUB3, BUD31, BZW1, BZW2, C11orf24, C11orf31, C11orf73, C11orf98, C12orf45, C12orf57, C14orf166, C14orf2, C16orf13, C17orf49, C17orf89, C19orf24, C19orf43, C19orf48, C19orf53, C19orf70, C1QBP, C1orf122, C1orf43, C20orf24, C20orf27, C21orf59, C6orf48, C6orf62, C7orf50, C8orf59, C9orf142, C9orf16, CA1, CA14, CA3, CA4, CA5A, CA5B, CA6, CA7, CACNG1, CACYBP, CALM1, CALM2, CALM3, CALR, CALU, CAMK1, CAMK1D, CAMK1G, CAMK2A, CAMK2B, CAMK2D, CAMKK1, CAMKK2, CAMTA1, CANX, CAP1, CAPN1, CAPNS1, CAPS, CAPZA1, CAPZB, CARHSP1, CASK, CASP8, CAT, CBWD5, CBX3, CCDC12, CCDC124, CCDC167, CCDC53, CCDC85B, CCNA2, CCNB1, CCNB1IP1, CCNB2, CCND3, CCNG1, CCNI, CCR5, CCT2, CCT3, CCT4, CCT5, CCT6A, CCT7, CCT8, CD1E, CD24, CD276, CD320, CD3E, CD46, CD63, CD7, CD81, CD8B, CDC123, CDC20, CDC25B, CDC37, CDC42BPG, CDC42EP1, CDIPT, CDK16, CDK17, CDK2AP1, CDK2AP2, CDK5, CDK5R1, CDK5RAP3, CDK8, CDKL1, CDKL2, CDKN2D, CDKN3, CDR1, CDV3, CEACAM1, CEBPB, CECR5, CENPM, CENPW, CERS2, CES1, CFAP20, CFDP1, CFL1, CHCHD1, CHCHD2, CHCHD3, CHCHD5, CHCHD6, CHMP1A, CHMP2A, CHPF, CIB1, CIRBP, CIT, CKLF, CKS1B, CKS2, CLASP1, CLDN11, CLIC1, CLIC4, CLK1, CLK2, CLK3, CLK4, CLNS1A, CLPP, CLPTM1, CLPTM1L, CLTA, CLTB, CLTC, CMAS, CMC1, CMC2, CMSS1, CNBP, CNIH1, CNIH4, CNN1, CNN2, CNPY2, COA1, COA3, COA4, COA6, COL8A1, COLGALT1, COMMD1, COMMD4, COMMD6, COMT, COPE, COPG1, COPRS, COPS3, COPS5, COPS6, COPZ1, CORO1B, CORO1C, COX14, COX17, COX4I1, COX5A, COX5B, COX6A1, COX6B1, COX6C, COX7A2, COX7A2L, COX7B, COX7C, COX8A, CPLX2, CPNE1, CREB3L1, CS, CSDE1, CSE1L, CSF3, CSN3, CSNK1A1, CSNK1G3, CSNK2A1, CSNK2A2, CSNK2B, CSPG4, CSRP1, CST1, CST4, CSTB, CSTF3, CTBP1, CTDNEP1, CTNNAL1, CTNNB1, CTPS1, CTSA, CTSD, CTSL, CTXN1, CUEDC2, CUTA, CWC15, CXCL8, CYB5B, CYB5R3, CYC1, CYGB, CYP11B1, CYP17A1, CYP19A1, CYTH2, DAD1, DAG1, DANCR, DAP, DAP3, DAPK2, DAPK3, DAZAP2, DBI, DBN1, DBNDD2, DCAF13, DCLK1, DCLK2, DCLK3, DCTN2, DCTN3, DCTN6, DCTPP1, DCXR, DDAH1, DDIT3, DDOST, DDT, DDX1, DDX17, DDX21, DDX39A, DDX39B, DDX47, DDX5, DEFA1, DEFA1B, DEFA3, DEGS2, DEK, DGUOK, DHCR24, DHCR7, DHFR, DHODH, DHPS, DHRS4, DHX15, DIABLO, DNAJA1, DNAJB1, DNAJB6, DNAJC8, DNAJC9, DNMT1, DNPH1, DNTTIP1, DNTTIP2, DPM1, DPM3, DPP7, DPY30, DPYD, DRAP1, DRD1, DRD2, DRD3, DRD4, DRG1, DSCAMAS1, DSTN, DTYMK, DUT, DYNLL1, DYNLRB1, DYNLT1, DYRK1A, DYRK1B, E2F4, EBNA1BP2, EBP, EBPL, ECH1, ECHS1, ECI1, ECI2, EDF1, EDN2, EEF1A1, EEF1B2, EEF1D, EEF1E1, EEF1G, EEF2, EFHD2, EGF, EHD2, EI24, EID1, EIF1, EIF1AX, EIF1B, EIF2AK1, EIF2AK2, EIF2AK4, EIF2S2, EIF2S3, EIF3A, EIF3B, EIF3CL, EIF3D, EIF3E, EIF3F, EIF3G, EIF3H, EIF3I, EIF3K, EIF3L, EIF3M, EIF4A1, EIF4A2, EIF4A3, EIF4B, EIF4EBP1, EIF4G1, EIF4G2, EIF4H, EIF5A, EIF6, ELANE, ELFN1AS1, ELOF1, ELOVL1, ELOVL5, EMC4, EMC6, EMC7, EMD, EMG1, ENG, ENHO, ENO1, ENSA, ENTPD6, ENY2, EPHA1, EPHA3, EPHA6, EPHA7, EPHA8, EPHB1, EPHB2, EPHB6, ERGIC1, ERGIC3, ERH, ERI3, ERN1, ERP29, ESD, ESR2, ETFA, ETFB, ETV4, EWSR1, EXOSC4, EXOSC8, EZR, F2, F9, FAAH, FAAP20, FABP5, FADS2, FAM136A, FAM151B, FAM162A, FAM166A, FAM167B, FAM195B, FAM3C, FAM50A, FAM65A, FAM96A, FAM96B, FARSA, FASN, FAU, FBL, FBXO22AS1, FBXO41, FBXO7, FCER1G, FDFT1, FDPS, FDX1, FEN1, FER, FES, FGFRL1, FH, FIS1, FKBP1A, FKBP2, FKBP3, FKBP8, FLII, FLNA, FLOT1, FNTB, FPGS, FSTL3, FTH1P3, FTL, FUBP1, FXYD2, G6PC3, G6PD, GABARAP, GABARAPL2, GADD45A, GADD45GIP1, GAK, GALE, GANAB, GAPDH, GAR1, GARS, GAS5, GBA, GCSH, GDI1, GDI2, GFAP, GGCT, GGCX, GGH, GGPS1, GHITM, GINS2, GIPC1, GLMP, GLO1, GLRX3, GLRX5, GLS, GLTSCR2, GLUD1, GMNN, GNAI2, GNAS, GNB1, GNB2, GNB2L1, GNG10, GNG5, GNL3, GOT2, GPAA1, GPC1, GPI, GPS1, GPS2, GPX4, GRHPR, GRIN1, GRIN2B, GRINA, GRN, GSK3A, GSK3B, GSR, GSS, GSTK1, GSTO1, GTF3A, GTF3C5, GTF3C6, GUCY1A2, GUK1, H1FX, H2AFV, H2AFX, H2AFY, H2AFZ, H3F3AP4, H3F3B, HACD3, HADH, HADHA, HAT1, HAUS1, HAVCR1, HAX1, HBA1, HBA2, HBG1, HBG2, HBZ, HCAR2, HCFC1, HCFC1R1, HDAC4, HDAC9, HDGF, HDLBP, HERPUD1, HHIPAS1, HIBCH, HIF1A, HIGD2A, HINT1, HINT2, HIPK2, HIPK3, HIST1H1B, HIST1H1D, HIST1H1E, HIST1H2AD, HIST1H2AE, HIST1H2AG, HIST1H2AH, HIST1H2AI, HIST1H2AJ, HIST1H2AK, HIST1H2AL, HIST1H2AM, HIST1H2BC, HIST1H2BE, HIST1H2BF, HIST1H2BG, HIST1H2BH, HIST1H2BI, HIST1H2BJ, HIST1H2BL, HIST1H2BM, HIST1H2BN, HIST1H2BO, HIST1H3B, HIST1H3C, HIST1H3F, HIST1H3G, HIST1H3H, HIST1H3I, HIST1H3J, HIST1H4B, HIST1H4C, HIST1H4D, HIST1H4E, HIST1H4F, HIST1H4H, HIST1H4I, HIST1H4J, HIST1H4K, HIST1H4L, HIST2H2AA3, HIST2H2AA4, HIST2H2AB, HIST2H2AC, HIST2H2BE, HIST2H2BF, HIST2H3A, HIST2H3C, HIST2H4A, HIST2H4B, HM13, HMG20B, HMGA1, HMGB1, HMGB2, HMGCR, HMGN1, HMGN2, HMGN3, HN1, HNF1B, HNMT, HNRNPA1, HNRNPA2B1, HNRNPA3, HNRNPAB, HNRNPC, HNRNPD, HNRNPDL, HNRNPF, HNRNPH1, HNRNPK, HNRNPL, HNRNPM, HNRNPUL1, HPRT1, HRAS, HRH1, HSBP1, HSD11B2, HSD17B10, HSD3B1, HSF1, HSP90B1, HSPA4, HSPA5, HSPA9, HSPB1, HSPB11, HSPD1, HSPE1, HSPG2, HSPH1, HTR1A, HTR2A, HTR2B, HTR2C, HTR6, HTR7, HYPK, IAH1, IARS, ICT1, IDH3B, IDH3G, IDI1, IFRD2, IGLL5, IGSF8, IKBKB, IKBKE, ILF2, ILF3, ILK, IMMT, IMP3, IMP4, IMPDH1, IMPDH2, INSRR, IRAK1, IRAK3, IRAK4, ISOC2, ITGA5, ITGB1BP1, ITGB3BP, ITGB4, ITGB7, ITIH5, ITM2B, ITM2C, ITPA, JAK3, JCHAIN, JTB, JUND, KARS, KCNA3, KCNAB2, KDELR1, KDELR2, KHDRBS1, KIAA0101, KIF11, KIF22, KIR3DL2, KPNA2, KPNB1, KRAS, KRT18, KRTCAP2, KXD1, L1CAM, LAGE3, LAMP1, LAMTOR1, LAMTOR2, LAMTOR4, LAMTOR5, LAPTM4A, LARP1, LASP1, LAT, LATS1, LBR, LDHA, LDLR, LGALS9, LHFPL3AS1, LIMK2, LIMS2, LINC00152, LINC00460, LINC00493, LINC01420, LINC01578, LMAN2, LOC100505817, LOC100505841, LOC100996324, LOC101927497, LOC103021295, LOC283352, LOC606724, LOC645166, LOC654342, LRAT, LRP10, LRRC59, LRRC61, LRRC75AAS1, LRRK2, LRRN4, LSM10, LSM3, LSM4, LSM5, LSM6, LSM7, LTK, LUC7L3, LYAR, MAD2L1, MAD2L2, MAEA, MAF1, MAGEA3, MAGEA6, MAGED2, MALAT1, MALL, MALSU1, MANBAL, MANF, MAP1A, MAP2K3, MAP2K5, MAP3K1, MAP3K10, MAP3K11, MAP3K12, MAP3K13, MAP3K15, MAP3K19, MAP3K3, MAP3K4, MAP3K6, MAP3K9, MAP4K2, MAP4K3, MAP4K4, MAP4K5, MAPK10, MAPK15, MAPK4, MAPK7, MAPK8, MAPK8IP1, MAPK9, MAPKAPK5, MAPRE1, MARK1, MARK2, MARK3, MARK4, MAST1, MAT2A, MATK, MAZ, MBOAT7, MBP, MCHR1, MCM2, MCM3, MCM5, MCM6, MCM7, MDH1, MDH2, MEA1, MED10, MED15, MELK, MEPCE, MERTK, METAP2, METTL17, METTL23, METTL5, MFGE8, MFI2, MFSD12, MGAT4B, MICAL2, MIEN1, MIF, MIFAS1, MINK1, MINOS1, MIR1231, MIR12541, MIR126, MIR1296, MIR142, MIR2278, MIR31981, MIR330, MIR36481, MIR3652, MIR3665, MIR44352HG, MIR455, MIR492, MIR5047, MIR568, MIR5699, MIR589, MIR6126, MIR622, MIR624, MIR641, MIR647, MIR658, MIR663A, MIR663B, MIR6728, MIR6807, MIR7110, MITD1, MKI67, MKNK1, MKNK2, MLF2, MMADHC, MMP24AS1, MMP3, MND1, MORF4L1, MORF4L2, MPC1, MPG, MPHOSPH6, MPLKIP, MPO, MPST, MPV17, MRFAP1, MRPL1, MRPL10, MRPL12, MRPL13, MRPL14, MRPL16, MRPL18, MRPL20, MRPL21, MRPL23, MRPL27, MRPL28, MRPL3, MRPL32, MRPL33, MRPL34, MRPL36, MRPL37, MRPL38, MRPL4, MRPL40, MRPL41, MRPL43, MRPL47, MRPL48, MRPL51, MRPL52, MRPL53, MRPL54, MRPL55, MRPL9, MRPS10, MRPS11, MRPS12, MRPS15, MRPS17, MRPS18A, MRPS18C, MRPS2, MRPS21, MRPS22, MRPS23, MRPS24, MRPS26, MRPS28, MRPS30, MRPS33, MRPS34, MRPS36, MRPS6, MRPS7, MRPS9, MSRB1, MT1H, MT1L, MT1X, MTAP, MTCH1, MTHFD1, MTHFD2, MTNR1B, MTRNR2L1, MTRNR2L10, MTRNR2L2, MTRNR2L6, MTRNR2L8, MTRNR2L9, MUC5AC, MUSK, MYBL2, MYDGF, MYEOV2, MYH9, MYL12A, MYL12B, MYL6, MYLK2, MYLK3, MYLK4, MYO1C, MYO3A, MZT2A, MZT2B, NAA10, NAA20, NAA38, NACA, NACA2, NAE1, NAP1L1, NAPA, NARF, NASP, NBL1, NCL, NDUFA1, NDUFA11, NDUFA12, NDUFA13, NDUFA2, NDUFA3, NDUFA4, NDUFA6, NDUFA7, NDUFA8, NDUFA9, NDUFAB1, NDUFAF2, NDUFAF3, NDUFB1, NDUFB10, NDUFB11, NDUFB2, NDUFB3, NDUFB4, NDUFB5, NDUFB6, NDUFB7, NDUFB8, NDUFB9, NDUFC1, NDUFS3, NDUFS4, NDUFS5, NDUFS6, NDUFS7, NDUFS8, NDUFV1, NDUFV2, NEAT1, NEDD8, NEK1, NEK2, NEK3, NEK4, NEK5, NEK9, NENF, NEU1, NFIC, NFKBIA, NGDN, NGFR, NGRN, NHP2, NIFK, NIM1K, NINJ1, NINJ2, NISCH, NKX25, NME1, NME2, NMRAL1, NOB1, NOC2L, NOL7, NONO, NOP10, NOP16, NOP56, NOP58, NOS1, NOS2, NOSIP, NPC2, NPLOC4, NPM1, NPM3, NPPB, NR2F6, NR3C2, NRG1, NSA2, NSMCE1, NSMCE4A, NT5C, NT5DC2, NTMT1, NTRK2, NTRK3, NUBP2, NUCB1, NUCB2, NUCKS1, NUDC, NUDCD2, NUDT1, NUDT5, NUDT8, NUP37, NUP62, NUSAP1, NUTF2, NXT1, OAS2, OAS3, OAZ1, OBP2A, ODC1, OGDH, OGFRL1, OPRK1, ORM1, OST4, OSTC, OTUB1, OVCA2, OXA1L, OXLD1, OXSR1, P3H1, P4HB, PA2G4, PABPC1, PABPC4, PADI3, PAFAH1B3, PAICS, PAIP2, PAK1, PAK1IP1, PAK2, PAK3, PAK4, PAK6, PARK7, PARL, PAX8, PBDC1, PBK, PCBP1, PCBP2, PCBP2OT1, PCDHGC3, PCED1A, PCMT1, PCNA, PCNAAS1, PDCD10, PDCD5, PDCD6, PDE10A, PDE4A, PDE5A, PDGFD, PDHB, PDIA3, PDIA4, PDIA6, PDLIM7, PDPK1, PEA15, PEBP1, PECR, PEMT, PET100, PFDN1, PFDN2, PFDN4, PFDN5, PFKP, PFN1, PGAM1, PGD, PGK1, PGLS, PGR, PGRMC1, PHB, PHB2, PHC2, PHF19, PHKG1, PHLDA3, PHPT1, PI4KB, PIGP, PIGT, PIGY, PIK3C2G, PIK3C3, PIM1, PIM2, PIM3, PIN1, PIN4, PIP, PIP4K2B, PIP4K2C, PIPOX, PITPNAAS1, PITX1, PKM, PKMYT1, PKN1, PKN2, PLA2G1B, PLA2G2A, PLD3, PLEC, PLEKHJ1, PLIN3, PLK1, PLK3, PLK4, PLOD3, PLXNB2, PMF1, PNKD, PNN, PNP, PNRC2, POLA1, POLA2, POLD2, POLE3, POLE4, POLR1D, POLR2A, POLR2C, POLR2G, POLR2H, POLR2I, POLR2J, POLR2K, POLR2L, POLR3K, POMP, POP5, POP7, PPA1, PPARA, PPARD, PPDPF, PPHLN1, PPIA, PPIB, PPIF, PPIL1, PPM1G, PPME1, PPP1CA, PPP1CC, PPP1R14B, PPP2CA, PPP2R1A, PPP2R4, PPP2R5C, PPP4C, PQBP1, PRAF2, PRAP1, PRC1, PRDX1, PRDX3, PRDX4, PRDX5, PRDX6, PRELID1, PRG2, PRKACA, PRKACB, PRKCD, PRKCE, PRKCG, PRKCI, PRKCQ, PRKCSH, PRKG2, PRLR, PRMT1, PRMT2, PRMT5, PROC, PRPF31, PRPF8, PRR13, PRSS1, PRTN3, PSAP, PSENEN, PSMA1, PSMA2, PSMA3, PSMA4, PSMA5, PSMA6, PSMA7, PSMB10, PSMB2, PSMB3, PSMB4, PSMB6, PSMB7, PSMC1, PSMC2, PSMC3, PSMC4, PSMC5, PSMC6, PSMD1, PSMD10, PSMD12, PSMD13, PSMD14, PSMD2, PSMD3, PSMD4, PSMD6, PSMD7, PSMD8, PSME1, PSME2, PSMG1, PSMG2, PSMG3, PSMG4, PTBP1, PTDSS1, PTGDS, PTGES3, PTK2B, PTMA, PTOV1, PTP4A1, PTP4A2, PTPN2, PTRH2, PTRHD1, PTS, PTTG1, PTTG1IP, PUF60, PVALB, PWP1, PXN, PYCR1, PYGB, PYGM, QARS, QSOX1, RAB1B, RAB5C, RAB7A, RABAC1, RABGGTB, RAC1, RAD21, RAD23A, RAD51C, RAN, RANBP1, RANGAP1, RANGRF, RARS, RBBP7, RBM3, RBM39, RBM4, RBMX, RBP3, RBX1, RCC2, RCN1, RDH11, RDH12, RDH13, RDH14, RDH5, RDH8, REEP5, REG4, RETSAT, REXO2, RFC4, RHBDD2, RHEB, RHOA, RHOB, RHOG, RIOK1, RIOK2, RIOK3, RIPK1, RIPK2, RIPK4, RMRP, RNA58S5, RNASE2, RNASEH2A, RNASEH2B, RNASEK, RNASET2, RNF181, RNF187, RNH1, RNPS1, RNU11, RNU4ATAC, ROCK1, ROCK2, ROMO1, RPA3, RPAIN, RPL10, RPL10A, RPL11, RPL12, RPL13, RPL13A, RPL13AP20, RPL13AP3, RPL13AP5, RPL13AP6, RPL14, RPL15, RPL17, RPL18, RPL18A, RPL19, RPL19P12, RPL21, RPL21P28, RPL22, RPL22L1, RPL23, RPL23A, RPL23P8, RPL24, RPL26, RPL26L1, RPL27, RPL27A, RPL28, RPL29, RPL3, RPL30, RPL31, RPL32, RPL34, RPL35, RPL35A, RPL36, RPL36A, RPL36AL, RPL37, RPL37A, RPL38, RPL39, RPL4, RPL41, RPL5, RPL6, RPL7, RPL7A, RPL8, RPL9, RPLP0, RPLP1, RPLP2, RPN1, RPN2, RPP21, RPPH1, RPS10, RPS11, RPS12, RPS13, RPS14, RPS15, RPS15A, RPS16, RPS17, RPS18, RPS18P9, RPS19, RPS19BP1, RPS2, RPS20, RPS21, RPS23, RPS24, RPS25, RPS26, RPS26P11, RPS27, RPS27A, RPS27L, RPS28, RPS29, RPS3, RPS3A, RPS4X, RPS5, RPS6, RPS6KA1, RPS6KA3, RPS6KA6, RPS7, RPS8, RPS9, RPSA, RPSAP58, RPSAP9, RRAGA, RRM1, RRM2, RRP36, RSL24D1, RTFDC1, RTN3, RTN4, RUVBL1, RUVBL2, RWDD1, S100A1, SAMD4B, SAP18, SAP30, SARAF, SARNP, SARS, SBDS, SBK3, SCAMP3, SCAND1, SCARA3, SCARB1, SCARNA10, SCARNA12, SCARNA2, SCARNA22, SCD, SCN1A, SCP2, SDC3, SDCBP, SDF2L1, SDHA, SDHAF2, SDHB, SDHD, SDR39U1, SEC11A, SEC11C, SEC13, SEC61A1, SEC61B, SEC61G, SELK, SEP15, SEPN1, SEPT2, SEPT9, SEPW1, SERBP1, SERF2, SERPINA6, SET, SF1, SF3A2, SF3A3, SF3B1, SF3B2, SF3B3, SF3B4, SF3B5, SF3B6, SFRP4, SFT2D1, SGK3, SH2D1A, SH3BGRL3, SH3GL1, SHBG, SHC1, SHFM1, SHISA5, SHMT2, SIGMAR1, SIK2, SIK3, SIRPA, SIRT5, SIT1, SIVA1, SKP1, SLBP, SLC12A1, SLC18A2, SLC1A4, SLC1A5, SLC20A1, SLC25A1, SLC25A3, SLC25A39, SLC25A5, SLC29A1, SLC2A4RG, SLC34A2, SLC35B2, SLC39A1, SLC3A2, SLC45A2, SLC4A2, SLC52A2, SLC7A5, SLC9A3R1, SLIRP, SLK, SMARCB1, SMARCE1, SMIM19, SMIM24, SMS, SNARB1, SNARC3, SNARC4, SNARE, SNARG1, SNCG, SND1, SNF8, SNHG1, SNHG15, SNHG16, SNHG17, SNHG19, SNHG25, SNHG3, SNHG5, SNHG6, SNHG7, SNHG8, SNHG9, SNORA10, SNORA18, SNORA20, SNORA22, SNORA25, SNORA47, SNORA48, SNORA52, SNORA57, SNORA61, SNORA64, SNORA67, SNORA70, SNORA71C, SNORA73B, SNORA76C, SNORA8, SNORD104, SNORD16, SNORD17, SNORD22, SNORD32A, SNORD83B, SNORD88B, SNRK, SNRNP200, SNRNP25, SNRNP70, SNRPA, SNRPA1, SNRPB, SNRPB2, SNRPC, SNRPD1, SNRPD2, SNRPE, SNRPF, SNRPG, SNU13, SNURF, SNX17, SNX3, SNX5, SOD1, SOD2, SON, SORBS3, SOX10, SPANXA1, SPCS1, SPDEF, SPINK4, SQLE, SQSTM1, SRA1, SREBF2, SRI, SRM, SRMS, SRP14, SRP9, SRPK2, SRRM2, SRSF11, SRSF2, SRSF3, SRSF6, SRSF7, SRSF9, SS18L2, SSB, SSBP1, SSNA1, SSR2, SSR3, SSR4, SSRP1, SSSCA1, SSU72, ST13, STARD7, STAT1, STAU1, STIP1, STK10, STK16, STK17B, STK24, STK25, STK26, STK3, STK32A, STK33, STK35, STK36, STK38, STK38L, STK39, STMN1, STMN4, STOML2, STRA13, STRAP, STUB1, SUB1, SUCLG1, SUCLG2, SUMO1, SUMO2, SUMO3, SUPT4H1, SURF1, SURF2, SURF4, SUSD2, SYNCRIP, SYNGR1, SYNGR2, SYNPO, T, TAF10, TAF1D, TAF9, TAGLN2, TALDO1, TANGO2, TAOK1, TAOK2, TAOK3, TARS, TATDN1, TAX1BP3, TBC1D16, TBC1D7, TBCA, TBCB, TBK1, TBRG4, TCEA1, TCEB1, TCEB2, TCF7, TCP1, TCTEX1D2, TEC, TECR, TESK1, TFG, TFRC, TGFBR1, TGFBR2, TGIF2C20orf24, THOC7, THYN1, TIE1, TIMM10, TIMM13, TIMM17B, TIMM23, TIMM50, TIMM8B, TIMM9, TK1, TKT, TLK1, TLK2, TLN1, TLR7, TLR8, TMA7, TMBIM6, TMED2, TMED3, TMED9, TMEM106C, TMEM109, TMEM123, TMEM126A, TMEM126B, TMEM141, TMEM147, TMEM14B, TMEM14C, TMEM179B, TMEM205, TMEM208, TMEM219, TMEM230, TMEM256, TMEM258, TMEM9, TMPO, TMSB10, TMSB4X, TMX2, TNF, TNFRSF14, TNFRSF6B, TNK1, TNK2, TNNI3K, TNS4, TOB1, TOMM20, TOMM22, TOMM40, TOMM5, TOMM6, TOMM7, TOP1, TOP1MT, TOP2A, TOP2B, TP53I11, TPD52L2, TPI1, TPM3, TPP1, TPRKB, TPT1, TPX2, TRAM1, TRAP1, TRAPPC1, TRAPPC2L, TRAPPC3, TRAPPC4, TRAPPC5, TRDMT1, TRIM28, TRIOBP, TRMT112, TRPM1, TRPV2, TSC22D1, TSSK1B, TSTA3, TTK, TTYH3, TUBA1B, TUBA1C, TUBA3C, TUBA3D, TUBA8, TUBB3, TUBB4A, TUBB4B, TUBG1, TUFM, TWF2, TXK, TXN, TXN2, TXNDC17, TXNDC5, TXNL1, TXNL4A, TYK2, TYRO3, TYROBP, U2AF1, UAP1, UBA1, UBA2, UBA52, UBALD2, UBAP2L, UBB, UBC, UBE2A, UBE2C, UBE2D3, UBE2E3, UBE2M, UBE2S, UBE2T, UBE2V1, UBE2Z, UBL5, UBL7, UBXN1, UCHL3, UCKL1, UCN2, UFC1, UGT1A1, UGT3A1, ULK1, ULK2, ULK3, UQCC2, UQCR10, UQCR11, UQCRB, UQCRC1, UQCRC2, UQCRFS1, UQCRH, UQCRHL, UQCRQ, UROD, USB1, USMG5, USP14, USP22, UXT, VAT1, VBP1, VCL, VCP, VDAC1, VDAC2, VDAC3, VDR, VKORC1, VKORC1L1, VMP1, VPS25, VPS28, VPS29, WARS, WBP2, WBSCR22, WDR1, WDR34, WDR54, WDR61, WDR83OS, WFDC1, XAGE1B, XAGE1E, XBP1, XDH, XPO1, XRCC5, XRCC6, XRN2, YARS, YBX1, YDJC, YIF1A, YKT6, YWHAB, YWHAE, YWHAH, YWHAQ, YWHAZ, ZAP70, ZC3H15, ZDHHC12, ZDHHC4, ZFAS1, ZFP36L1, ZNF207, ZNF580, ZNF593, ZNF706, ZNHIT1, ZNHIT3, ZNRD1, ZWINT, ZYX"
4,2,GDSC1 & CTRP,0,
5,2,GDSC1 & GDSC2,1,FAM213A
6,2,GDSC2 & CTRP,536,"AADAC, ABAT, ABCC2, ABCG2, ABLIM3, ACOT4, ACPL2, ADAM19, ADAMTS3, AFAP1L2, AGAP1, AGMAT, AHRR, AIG1, AJUBA, ALPP, AMOT, AMPH, ANGPT1, ANKRD33B, ANKRD36BP2, ANTXR1, APBB1IP, ARAP2, ARHGEF10, ARHGEF6, ARNT2, ARRDC4, ARSE, ARSJ, ASB9, ATL1, ATP10D, ATP9A, B3GNT5, BCL11A, BEND4, BEND5, BICC1, BMPER, BNC1, BOK, BTBD3, BTNL9, C11orf96, C15orf52, C16orf54, C2orf74, C7orf10, C9orf152, C9orf3, CACHD1, CADPS2, CARD16, CARD6, CBFA2T3, CBLC, CCDC69, CD163L1, CD19, CD36, CD37, CD69, CD79A, CD79B, CDC42EP5, CECR1, CEP112, CFB, CGNL1, CHMP4C, CHRDL1, CLDN2, CLECL1, CLIC2, CLIP4, CLMP, CMPK2, COBL, CP, CPS1, CREB5, CRIM1, CRISPLD2, CSF2RB, CXCL14, CXCL3, CYP1A1, CYP4F11, DAB2, DACT1, DAPP1, DDC, DDX43, DEPDC7, DIAPH2, DLG5, DLK1, DLX1, DLX5, DOCK2, DOCK4, DOCK8, DOK7, DSE, DYNC1I1, DZIP1, EHF, ELMO1, ELOVL4, ELOVL7, EML1, ENPP4, ENPP5, EPAS1, EPHX4, EPN3, ESM1, ETS1, EXPH5, EYA2, F11R, F12, F2R, FAM110C, FAM114A1, FAM117A, FAM167A, FAM169A, FAM221A, FAM26F, FAM3B, FAM46C, FAM69A, FAM78A, FARP1, FBN1, FBN2, FBXL7, FKBP5, FLI1, FLRT2, FMNL2, FNBP1L, FOXA2, FOXD1, FRMD3, FRMD4A, FRMD4B, FXYD6, FZD7, GABRB3, GABRE, GALC, GALNT11, GALNT6, GAS2, GCA, GCNT2, GDA, GHR, GJA1, GJB3, GJB6, GLIS3, GNB4, GPC6, GPR126, GPR158, GPR56, GRHL2, GRTP1, GSAP, GSTM4, GXYLT2, H19, HAS2, HCLS1, HCP5, HDGFRP3, HEPH, HES1, HLADMA, HLADQB1, HMHA1, HOTAIRM1, HOXA1, HOXA10, HOXA5, HOXB6, HOXC10, HOXC6, HOXD10, HS3ST1, HS3ST3A1, HS6ST2, HSD17B11, IFIH1, IGLL3P, IL13RA1, IL15, IL7, INPP4B, INPP5D, IRF6, ITGA4, ITGAV, JAG1, JAM2, JAZF1, KBTBD11, KCNG1, KCNJ2, KIAA0226L, KIAA1211, KIAA1598, KIAA1804, KIF21B, KIF5C, KISS1R, KLHL29, KLHL5, KLHL6, KLK11, KRBOX1, KRT4, KRT6B, KRT6C, LAMA4, LAMA5, LAMP5, LATS2, LBH, LHX2, LIN28B, LINC00461, LINC00839, LIPG, LMCD1, LMO3, LOC100128252, LOC100287616, LOC100287628, LOC100288911, LOC100499467, LOC100505501, LOC100505633, LOC100505650, LOC100505946, LOC100506098, LOC100506119, LOC100506377, LOC100506687, LOC100506718, LOC100506776, LOC100506779, LOC100506948, LOC100506965, LOC100507263, LOC100507463, LOC100509100, LOC100652898, LOC150381, LOC283070, LOC389023, LOC400043, LOC401074, LOC654433, LOC728392, LOC730101, LOC91316, LONRF2, LPAR1, LPCAT2, LRIG3, LRP11, LRRC34, LSP1, LY6D, LY75, LYPD1, MACC1, MAGEA1, MAGEA10, MAMDC2, MANSC1, MAOB, MAP7D2, MARVELD2, MB, MB21D1, MCC, MCTP1, MDFIC, MEIS2, MIAT, MICA, MICB, MILR1, MIR155HG, MIR205, MISP, MORC4, MST4, MSX1, MUC20, MUC4, MYO10, MYO1D, MYO1G, MYO5B, MYO5C, NANOS1, NAP1L3, NCALD, NCEH1, NEFH, NEFM, NFE2, NFE2L3, NKX22, NLGN1, NOG, NPNT, NPY1R, NR4A2, NRCAM, NRP1, NUDT7, NXN, OLFML2A, OSBPL1A, OSMR, OSR2, OXCT1, P2RX5, PAX6, PBX1, PCDHB10, PCDHB16, PCSK1, PCSK9, PDE4B, PDZRN3, PEG3, PELI2, PGBD5, PHACTR1, PHACTR2, PHF11, PIK3CB, PLCL2, PLEKHA7, PLSCR4, PLXDC2, PNOC, PODXL, PON3, PPAPDC1A, PPFIBP2, PPL, PPM1K, PPP1R16B, PPP2R2B, PRICKLE2, PRKCH, PRR16, PRRG1, PRRG4, PRUNE2, PTER, PTGES, PTPLA, PTPLAD2, PTPN14, PTPN22, PTPRE, PTPRG, PTPRR, PVRIG, RAB3B, RAPGEF5, RAPH1, RASD1, RASGRP1, RASGRP3, RASSF10, RASSF2, RASSF5, RASSF6, RBM24, RBPMS, RCAN2, RDX, RECK, REEP1, RGL1, RGS1, RHOBTB1, RHPN2, RNASE4, RNF125, RNF135, RNF144A, RNF43, ROBO1, RRAS2, RSAD2, RUNX1IT1, S1PR1, SALL1, SAMD9L, SATB1, SATB2, SCML1, SCN3A, SCRN1, SDR16C5, SELL, SEMA6A, SEPT10, SERINC5, SERPINB2, SERPINB7, SERTAD4AS1, SESN3, SETBP1, SFTA2, SFTA3, SGK223, SH3BP4, SH3GL2, SH3YL1, SHISA2, SHROOM2, SHROOM3, SLC12A8, SLC16A10, SLC16A2, SLC16A5, SLC16A9, SLC18B1, SLC22A15, SLC25A43, SLC2A10, SLC2A3, SLC35D3, SLC47A1, SLC6A14, SLCO1B3, SLCO4A1, SLFN12, SLFN13, SLITRK5, SMIM11, SMIM3, SMOC2, SNORD1143, SORBS2, SP140L, SPESP1, SPINK5, SPOCD1, SPRR1B, ST3GAL5, ST6GALNAC1, ST6GALNAC5, ST8SIA6AS1, STARD10, STXBP1, SULT1A1, SUSD5, SV2A, SYBU, SYNC, SYNM, SYT11, SYT4, TANC1, TCEA3, TCIRG1, TENM4, TFAP2A, TGFB2, THBD, THEM4, TMC5, TMC8, TMCC3, TMEM154, TMEM173, TMEM255A, TMEM71, TNFRSF1B, TNFSF13B, TNFSF15, TNS3, TOM1L1, TOX, TOX2, TPRG1, TRIM58, TRIM59, TRIM6, TSHZ3, TTC39A, TTC7B, TUFT1, UBD, UBE2QL1, UGT1A6, UNC5B, VASH2, VGLL3, VIL1, VTCN1, WIPF1, WNT5A, XK, ZC3H12C, ZC3H12D, ZCCHC24, ZFPM2, ZNF100, ZNF185, ZNF239, ZNF43, ZNF518B, ZNF521, ZNF542, ZNF667, ZNF788, ZNF804A, ZNF880, ZNF883, ZSCAN18"
7,2,NCI & CTRP,0,
8,2,NCI & GDSC1,202,"ABL1, ABL2, ADRA2C, AHNAK, AIF1, AKT1, ALDH1A2, ALK, ANLN, ASNS, ATIC, AURKA, AURKB, BAD, BCL2, BCR, BLVRB, C1QL1, CA9, CAMK2G, CD151, CD59, CD68, CDCP1, CDK1, CDK15, CDK2, CDK4, CDK6, CDK9, CHCHD10, CHEK1, CHEK2, CHRM3, COL6A1, CREG1, CSAG1, CSF1R, CSK, CSNK1E, CTNNA1, CTSB, CTSG, CYP26A1, CYP26B1, CYP26C1, CYSTM1, EGFR, EPHA5, EPHB4, ERBB2, ERBB4, ESR1, ETHE1, FABP7, FADS3, FAM127B, FAM129B, FGF1, FGFR1, FGFR3, FGFR4, FGR, FKBP10, FLNB, FLNC, FLT3, FLT4, FRK, FTH1, FUOM, GART, GJB1, GPR143, GPX1, GSN, HCK, HDAC1, HDAC2, HDAC3, HDAC6, HDAC8, HEXB, HGF, HIST1H1C, HIST1H2AC, HIST1H2BD, HIST1H2BK, HLAC, HPCAL1, HPGDS, HSP90AA1, HSP90AB1, HSPA8, HYI, IDH2, IFI27L2, IFITM3, IGF2, IGFBP5, INSIG1, ITGB1, ITK, JAK1, JAK2, KCNH2, KCNJ8, KCNMA1, KDR, KISS1, KRT34, KRT8, LCN1, LIMA1, LIMK1, MAP2K1, MAP2K2, MAP2K6, MAP3K2, MAP4, MAPK1, MAPK14, MAPK3, MAPT, MFAP4, MIA, MITF, MMP14, MT1E, MXRA7, NAMPT, NEK11, NME3, NME4, NQO2, NR1I2, NR4A3, NREP, NTRK1, OAF, OASL, OAT, PARP1, PARP2, PARP3, PCBD1, PDGFRB, PDK4, PDP1, PIK3C2B, PIK3R1, PLOD1, PLP2, PMEL, PPAT, PPP1R1B, PRKAA1, PRKCA, PRKCB, PSG5, PSMB1, PSMB5, PTK6, PVRL2, RAB13, RAD51, RAF1, RARA, RARB, RARG, RBP4, RCAN1, RET, RGS10, RHOC, ROS1, RXRA, RXRB, RXRG, SAA1, SBK1, SERPINB9, SH2B3, SIK1, SLC2A1, SMO, SPON2, SRC, STAT5B, STK17A, STMN3, TEK, TFF2, TMBIM1, TPM4, TRIB3, TST, TUBB, TUBB1, TYMS, UGCG, VGF"
9,2,NCI & GDSC2,0,
10,3,GDSC1 & GDSC2 & CTRP,791,"ABCC3, ABI3BP, ABLIM1, ACSL5, ACTR3C, ADAMTS1, ADM, ADORA2B, ADRB2, AEBP1, AGPAT9, AGR3, AGT, AHNAK2, AIM1, AIM2, AK4, ALDH2, ALOX5AP, ALPK2, ANKRD22, ANO1, ANXA10, ANXA6, AP1S2, APCDD1, APOBEC3B, APOBEC3G, ARHGAP15, ARHGAP18, ARHGAP29, ARHGAP30, ARL14, ARMCX1, ARMCX2, ARMCX3, ARNTL2, ASAP2, ASCL1, ASPHD1, ASRGL1, ATP8B1, AVPI1, B3GALNT1, BACE2, BAG2, BAIAP2L1, BATF, BATF3, BCAR3, BCAT1, BCHE, BCL2A1, BDNF, BEX4, BEX5, BHLHE40, BHMT2, BIK, BIN2, BIRC3, BLNK, BMP2, BMP7, BSPRY, C11orf70, C1S, C1orf115, C1orf116, C1orf54, C3orf14, C4orf19, C4orf32, C8orf4, CA8, CADM1, CALB1, CALB2, CAMK2N1, CAP2, CASP1, CASP4, CBR3, CCBE1, CCL20, CCNA1, CCND2, CCR7, CD109, CD200, CD38, CD40, CD48, CD53, CD55, CD99, CDC42EP3, CDCA7L, CDH13, CDH17, CDH3, CDS1, CEACAM5, CEACAM6, CELF2, CFH, CFI, CFL2, CGN, CHGB, CHN1, CHST11, CHST2, CLEC2B, CLGN, CLIC3, CLRN3, CMTM8, CNRIP1, COCH, COL11A1, COL12A1, COL16A1, COL17A1, COL18A1, COL9A3, COLEC12, COPZ2, CORO2A, COX7B2, CPE, CPVL, CRISPLD1, CRMP1, CSGALNACT1, CSRP2, CST7, CSTA, CTBP2, CTH, CTHRC1, CTSL1, CTSL2, CXADR, CXCL16, CXCL2, CXCL5, CXCL6, CXCR7, CXorf21, CXorf57, CXorf61, CYB5A, CYB5R2, CYBRD1, CYFIP2, CYTIP, CYTL1, DACH1, DCDC2, DDX3Y, DDX60, DDX60L, DEFB1, DENND2D, DEPTOR, DFNA5, DHRS2, DHRS9, DNAJA4, DNAJC15, DNAJC22, DNER, DNM1, DOCK10, DOCK11, DPP4, DRAM1, DSC2, DSC3, DSCR8, DSG2, DSG3, DSP, DTX4, DUSP10, DUSP4, DUSP5, DYNLT3, EAF2, EBF1, ECHDC3, EDN1, EDNRB, EFEMP2, EFNA1, EFNB2, EIF1AY, ELAVL2, ELAVL4, ELF3, ELL2, EMP2, ENC1, ENO2, ENPP2, EPB41L2, EPB41L3, EPDR1, EPS8, EPS8L3, EPSTI1, ERAP2, EREG, ERP27, ESRP1, ESRP2, ETS2, EVA1A, EVA1C, EVI2A, EVI2B, EYA4, F2RL1, FABP4, FABP6, FADS1, FAM101B, FAM107B, FAM129A, FAM133A, FAM134B, FAM155A, FAM171A1, FAM198B, FAM46A, FAM64A, FAP, FAR2, FAS, FCRLA, FERMT1, FERMT2, FERMT3, FGF13, FGF2, FHOD3, FJX1, FLRT3, FOS, FOXA1, FOXC1, FOXF1, FOXF2, FREM2, FRMD6, FSTL5, FUCA2, FZD6, GALM, GALNT12, GALNT14, GALNT3, GALNT5, GAS6, GATA6, GATM, GBP1, GBP2, GBP3, GCH1, GCNT3, GEM, GFPT2, GIMAP2, GJB2, GJC1, GLB1L2, GLDC, GLIPR1, GLIPR2, GLT8D2, GMPR, GNAI1, GOLGA8A, GOLM1, GOLT1A, GPC3, GPC4, GPR137B, GPR160, GPR18, GPR37, GPR65, GPR87, GPRC5C, GPX7, GPX8, GRAMD3, GRB10, GRB14, GREM1, GRP, GSPT2, GSTA4, GUCY1B3, GULP1, HBEGF, HEBP1, HEG1, HENMT1, HEPACAM2, HERC5, HERC6, HES4, HEY1, HGD, HHEX, HLADPA1, HLADQA1, HLADRA, HLADRB1, HMCN1, HOOK1, HOPX, HORMAD1, HOXB2, HOXB7, HPDL, HPGD, HRASLS, HSBP1L1, HSD17B2, HSPA1A, HSPB8, HTATIP2, ICAM2, ICAM3, ID4, IER3, IFI44, IFI44L, IFIT1, IFIT2, IGF2BP3, IGFBP1, IGJ, IL17RB, IL1A, IL1R2, IL20RB, IL7R, IL8, IMPA2, INA, INHBB, INHBE, INSM1, IQGAP2, IRF8, IRS2, IRX2, IRX3, IRX5, ISG20, ISL1, ITGA2, ITGA6, ITGB2, ITGB5, ITGBL1, ITPR1, JAG2, JAKMIP2, JUN, KAL1, KANK1, KANK4, KCNK1, KCNMB4, KCNS3, KCTD12, KDELC1, KDELC2, KDELR3, KDM5D, KHDRBS3, KIAA1199, KIF21A, KLF4, KLHL13, KRT13, KRT15, KRT20, KRT23, KRT5, KRT6A, KRTAP23, KRTCAP3, KYNU, LAMA1, LAMB1, LAMC2, LAMP3, LAT2, LAYN, LCP2, LHFP, LIF, LIMCH1, LINC00341, LIPH, LMO2, LOXL4, LPAR6, LPHN2, LPL, LRCH2, LRMP, LRP12, LRRC17, LRRN1, LRRN3, LTB, LTBP1, LURAP1L, LXN, LY86, LY96, LYPD6B, MAB21L1, MACROD2, MAFB, MAGEB2, MAGEC2, MAGEH1, MAN1A1, MAOA, MAP7, MARCKS, MATN2, MCOLN3, ME1, MECOM, MEF2C, METRNL, METTL7A, METTL7B, MFAP2, MFAP5, MFNG, MGLL, MGMT, MGST2, MID1, MIR205HG, MLF1, MLKL, MME, MMP7, MOCOS, MOXD1, MPDZ, MPP1, MPZL2, MS4A1, MSRB3, MSX2, MT1G, MTUS1, MUC13, MX2, MXRA5, MYEF2, MYH10, MYO1B, MYO6, MYOF, NAP1L5, NAPRT1, NBEA, NCF2, NCF4, NCKAP1, NDN, NELL2, NETO2, NEURL1B, NEXN, NFIB, NFKBIZ, NID1, NID2, NLGN4X, NLRC3, NLRP2, NMI, NMT2, NOL4, NOV, NPTX2, NR2F2, NRIP1, NRIP3, NRN1, NRXN3, NTM, NTN4, NTS, NUDT11, NUP62CL, OLFM1, OLFML3, OLR1, OPN3, OVOL2, OXTR, P2RY8, PABPC4L, PAG1, PALLD, PAM, PAPSS2, PARM1, PCDH9, PCDHB2, PCDHB5, PCLO, PCOLCE2, PCP4, PCSK5, PDGFA, PDGFC, PDLIM4, PHACTR3, PHLDB2, PIK3AP1, PIP5K1B, PIR, PITX2, PKIB, PKIG, PKP2, PLA2G4A, PLAGL1, PLBD1, PLCB4, PLCG2, PLEK, PLEK2, PLEKHA1, PLEKHO1, PLLP, PLS1, PLS3, PLSCR1, PMAIP1, PNMAL1, POPDC3, POU2AF1, PPAP2B, PPIC, PPP1R14C, PPP1R3C, PRKAR2B, PRKCZ, PROM1, PROSER2, PRR15, PRR15L, PRRX1, PRTFDC1, PSCA, PSD3, PSG4, PSTPIP2, PTGFRN, PTGR1, PTHLH, PTN, PTPN13, PTPN6, PTPRC, PTPRK, PTPRM, PTPRZ1, PTX3, PYGL, RAB20, RAB31, RAB33A, RAB39B, RAI14, RASEF, RASGRP2, RBMS1, RBP7, RCSD1, RFTN1, RGCC, RGS17, RGS20, RGS4, RHOD, RHOU, RIMS2, RIN2, RND3, RNF128, RNF130, RNF182, RRAD, RRAGD, RTN1, RTP4, RUNX3, S100A8, SACS, SAMD9, SAMSN1, SCEL, SCG2, SCG3, SCG5, SCIN, SDC2, SDPR, SEL1L3, SELENBP1, SEMA3A, SEMA3C, SEMA5A, SEPP1, SERPINA1, SERPINB1, SERPINB5, SERPINF1, SERPINI1, SERTAD4, SFRP1, SGCE, SH3BGRL, SH3BGRL2, SIPA1L2, SIX1, SKAP1, SLAIN1, SLC10A4, SLC16A14, SLC16A4, SLC16A6, SLC22A4, SLC27A2, SLC35D2, SLC35G2, SLC40A1, SLC43A1, SLC44A3, SLC46A3, SLC7A11, SLC7A7, SLFN11, SLIT2, SLITRK6, SMAGP, SMARCA1, SMPDL3A, SNAP25, SNCA, SNTB1, SNX10, SNX9, SOCS2, SOGA2, SORL1, SOSTDC1, SOWAHC, SOX11, SPINK1, SPRY1, SPRY2, SRPX2, SSBP2, ST3GAL6, ST6GAL1, ST6GALNAC2, STAP1, STC1, STEAP1B, STEAP2, STMN2, STXBP6, SULF1, SVIP, SYCP2, SYNE4, SYT1, SYTL1, SYTL2, TAGLN3, TBC1D2, TC2N, TCEAL3, TCEAL7, TCEAL8, TCF4, TCL1A, TCN1, TDO2, TENM2, TES, TFAP2C, TFPI, TGFB1I1, TGFBR3, TJP1, TM4SF18, TM4SF4, TMC4, TMEFF2, TMEM139, TMEM158, TMEM170B, TMEM2, TMEM200A, TMEM246, TMEM45A, TMEM45B, TMEM47, TMEM98, TMPRSS4, TMSB15A, TMSB15B, TMTC1, TNFAIP3, TNFAIP6, TNFRSF11B, TNFRSF17, TNFRSF21, TNFSF10, TNNT1, TOR4A, TOX3, TPBG, TPD52, TPTE, TRIB2, TRIM2, TRIM22, TRIM29, TRNP1, TSPAN1, TSPAN12, TSPAN5, TSPAN6, TSPYL5, TUSC1, TUSC3, TWIST1, TXLNG2P, UBE2E2, UGT8, UPK1B, VAV1, VAV3, VCAM1, VEGFC, VGLL1, VLDLR, VPREB3, VSNL1, WASF3, WLS, XAF1, XIST, YAP1, ZBED2, ZBTB20, ZDHHC2, ZEB1, ZFP82, ZG16B, ZIC2, ZNF114, ZNF165, ZNF300, ZNF415, ZNF462, ZNF608, ZNF711, ZNF83"
11,3,NCI & GDSC1 & CTRP,0,
12,3,NCI & GDSC1 & GDSC2,0,
13,3,NCI & GDSC2 & CTRP,98,"ABCA1, ACTG2, ADIRF, AKR1B1, ALDOC, AMOTL2, APH1A, APOD, ATP2A3, BNIP3, CAPN3, CASP3, CBR1, CD274, CDH11, CDKN1A, CEBPA, CHI3L2, CLDN7, CLEC11A, CLU, COL1A1, COL6A2, COTL1, CPA4, CRIP1, CYP2S1, DAPK1, DMKN, DPYSL2, ECM1, EFHD1, EPHX1, EPS8L2, ERBB3, EVL, FKBP11, GNA15, H1F0, HBE1, HLAA, IFITM1, IGFBP4, IGFBP7, IL2RG, IL32, INHBA, ISYNA1, ITGA3, ITGAL, KRT17, KRT81, LOC100506844, LOXL2, LOXL3, MAFF, MAP4K1, MCAM, MSLN, MT1M, MTOR, MUC1, MYADM, NDRG1, NUAK1, NUAK2, PCOLCE, PFN2, PIK3CG, PKIA, PLA2G16, PLTP, PPP1R14A, PTK2, PTMS, PTPN7, PTRF, RAC2, RBP1, SASH3, SELM, SFTA1P, SLC43A3, SLC6A8, SOX2, SPRY4, TGFB1, TINAGL1, TMEM54, TNFRSF1A, TNIK, TP53, TSTD1, TXNRD1, UCP2, VEGFA, WEE1, YBX3"
14,4,ALL,443,"A2M, ABCB1, ACTA2, ACTN1, ADA, AGR2, AHR, AKAP12, AKR1B10, AKR1C1, AKR1C2, AKR1C3, ALCAM, ALDH1A1, ALDH1A3, ALDH3A1, AMIGO2, ANKRD1, ANPEP, ANXA1, ANXA2, ANXA3, ANXA4, ANXA5, AP1M2, APOC1, APOE, APP, AQP3, ARHGDIB, ARL4C, ASS1, ATP1B1, AXL, AZGP1, BAMBI, BASP1, BEX1, BEX2, BLK, BMP4, BRAF, BST2, BTK, C12orf75, C15orf48, C19orf33, C1R, C3, CA12, CA2, CALD1, CAPG, CAPN2, CAV1, CAV2, CBS, CCDC80, CCL2, CCL5, CCND1, CD3D, CD44, CD52, CD70, CD74, CD9, CDA, CDH1, CDH2, CDK7, CDKN2A, CDKN2C, CEBPD, CENPV, CFD, CHI3L1, CITED2, CKAP4, CKB, CLDN1, CLDN3, CLDN4, CMTM7, CNN3, COL1A2, COL3A1, COL4A1, COL4A2, COL5A1, COL5A2, COL6A3, CORO1A, CRABP2, CRIP2, CRNDE, CRYAB, CST3, CST6, CTAG2, CTGF, CTSC, CTSH, CTSS, CTSZ, CTTN, CXCL1, CXCR4, CXXC5, CYBA, CYP1B1, CYP24A1, CYR61, DCBLD2, DCT, DDIT4, DDR1, DDR2, DHRS3, DKK1, DKK3, DNAJC12, DPYSL3, DUSP1, DUSP23, DUSP6, EEF1A2, EFEMP1, EGR1, EMP1, EMP3, EPCAM, EPHA2, EPHA4, ERRFI1, EXT1, F3, FAM127A, FAM20C, FAT1, FBP1, FGFBP1, FGFR2, FHL1, FHL2, FLT1, FN1, FOLR1, FOSL1, FOXQ1, FSCN1, FST, FSTL1, FXYD3, FXYD5, FYN, G0S2, GAL, GATA3, GCHFR, GDF15, GMFG, GNG11, GNG12, GPM6B, GPNMB, GPRC5A, GPX2, GPX3, GSTO2, GSTP1, GSTT1, GTSF1, GYPC, HES6, HLAB, HMOX1, HSPA2, HTRA1, ICAM1, ID1, ID2, ID3, IFI16, IFI27, IFI30, IFI6, IFIT3, IFITM2, IGF1R, IGFBP2, IGFBP3, IGFBP6, IGLL1, IL13RA2, IL18, IL1B, IL6, INSR, ISG15, ITM2A, JUP, KCNN4, KIT, KLF5, KLK6, KRT14, KRT19, KRT7, KRT80, LAMB3, LAMC1, LAPTM4B, LAPTM5, LARP6, LCK, LCN2, LCP1, LDHB, LDOC1, LEF1, LGALS1, LGALS3, LGALS3BP, LGALS4, LGMN, LITAF, LMNA, LOX, LOXL1, LPXN, LSR, LTBR, LUM, LY6E, LY6K, LYN, LYZ, MAGEA4, MAGED1, MAL, MAL2, MAP1B, MAP2, MAPK13, MARCKSL1, MDK, MEST, MET, MGP, MGST1, MLANA, MLLT11, MLPH, MMP1, MMP2, MOK, MSN, MST1R, MT1F, MT2A, MVP, MX1, MYB, MYC, MYEOV, MYL9, MYLK, MZB1, NEFL, NES, NGFRAP1, NMU, NNMT, NPDC1, NQO1, NR0B1, NR3C1, NT5E, NUPR1, OAS1, OCIAD2, P4HA2, PAPPA, PDGFRA, PDLIM1, PDZK1IP1, PEG10, PERP, PHGDH, PHGR1, PHLDA1, PHLDA2, PI3, PIK3CA, PIK3CD, PLAC8, PLAT, PLAU, PLAUR, PLIN2, PLK2, PLOD2, PLP1, PMEPA1, PMP22, PON2, POSTN, PPAP2C, PPARG, PRAME, PRDX2, PRKCDBP, PRKD1, PRNP, PROCR, PROS1, PRSS21, PRSS23, PRSS3, PRSS8, PSAT1, PSMB8, PSMB9, PTGS2, PTPRCAP, PTPRF, PXDN, PYCARD, QPCT, QPRT, RAB25, RAB32, RAB34, RAB38, RAMP1, RARRES1, RARRES2, RARRES3, RGS16, RGS2, RHOBTB3, RHOH, RPL39L, RPS4Y1, RRAS, S100A10, S100A11, S100A13, S100A14, S100A16, S100A2, S100A4, S100A6, S100A9, S100B, S100P, SAT1, SDC1, SDC4, SEPT6, SERINC2, SERPINA3, SERPINB6, SERPINE1, SERPINE2, SERPINH1, SFN, SGK1, SLC16A3, SLC38A5, SLC39A4, SLPI, SNAI2, SNX7, SOX4, SOX9, SPARC, SPHK1, SPINT1, SPINT2, SPOCK1, SPP1, SQRDL, SRGN, SRPX, ST14, STC2, STEAP1, STOM, SULF2, SYK, TACSTD2, TAGLN, TCEAL4, TESC, TFF1, TFF3, TFPI2, TGFBI, TGIF1, TGM2, THBS1, THBS2, THY1, TIMP1, TIMP2, TIMP3, TM4SF1, TNC, TNFRSF12A, TNNC1, TP53I3, TPD52L1, TPM1, TPM2, TRIP6, TSPAN13, TSPAN4, TSPAN7, TSPAN8, TSPO, TUBA1A, TUBA4A, TUBB2A, TUBB2B, TUBB6, TXNIP, TYR, TYRP1, UBE2L6, UCA1, UCHL1, UPP1, VAMP5, VAMP8, VCAN, VIM, WBP5, WFDC2, WWTR1, YES1, ZNF22"
