,pdb,naive,rcm
0,A2058,A2058,A2058
1,NCI-H2342,NCIH2342,NCI-H2342
2,NCI-H2347,NCIH2347,NCI-H2347
3,H-EMC-SS,HEMCSS,H-EMC-SS
4,LOU-NH91,LOUNH91,LOU-NH91
5,LS1034,LS1034,LS-1034
6,MOG-G-CCM,MOGGCCM,MOG-G-CCM
7,MN-60,MN60,MN-60
8,Becker,BECKER,Becker
9,OE21,OE21,OE21
10,LXF 289,LXF289,LXF-289
11,NCI-H2228,NCIH2228,NCI-H2228
12,BxPC-3,BXPC3,BxPC-3
13,JHH-4,JHH4,JHH-4
14,Lu-139,LU139,LU-139
15,TE-9,TE9,TE-9
16,OVCAR-3,OVCAR3,OVCAR-3
17,QGP-1,QGP1,QGP-1
18,HCC1419,HCC1419,HCC1419
19,PL4,PL4,PL4
20,HO-1-N-1,HO1N1,HO-1-N-1
230,786-O,786O,786-0
22,HOS,HOS,HOS
23,AM-38,AM38,AM-38
24,HLE,HLE,HLE
25,LB831-BLC,LB831BLC,LB831-BLC
26,PEO1,PEO1,PEO1
27,U-118MG,U118MG,U-118-MG
653,A3/Kawakami,A3KAWAKAMI,A3-KAW
29,OVKATE,OVKATE,OVKATE
30,OVTOKO,OVTOKO,OVTOKO
31,NCI-H250,NCIH250,NCI-H250
32,UACC-812,UACC812,UACC-812
33,HuO-3N1,HUO3N1,HuO-3N1
34,HEL,HEL,HEL
35,RD,RD,RD
36,LN-18,LN18,LN-18
37,NB1,NB1,NB1
659,A4/Fukuda,A4FUKUDA,A4-Fuk
39,IA-LM,IALM,IA-LM
40,NCI-H1563,NCIH1563,NCI-H1563
41,HCC366,HCC366,HCC-366
42,LCLC-97TM1,LCLC97TM1,LCLC-97TM1
43,Panc 02.03,PANC0203,PANC-02-03
44,HD-MY-Z,HDMYZ,HD-MY-Z
45,TYK-nu,TYKNU,TYK-nu
46,HEC-1,HEC1,HEC-1
47,OVCAR-4,OVCAR4,OVCAR-4
48,FU-OV-1,FUOV1,FU-OV-1
49,SJSA-1,SJSA1,SJSA-1
50,SHP-77,SHP77,SHP-77
51,MDA-MB-436,MDAMB436,MDA-MB-436
52,D-392MG,D392MG,D-392MG
53,NCI-H596,NCIH596,NCI-H596
54,NCI-H196,NCIH196,NCI-H196
55,SW1271,SW1271,SW1271
56,NCI-H1792,NCIH1792,NCI-H1792
57,SaOS-2,SAOS2,Saos-2
58,DK-MG,DKMG,DK-MG
59,KM-H2,KMH2,KM-H2
60,KM-H2,KMH2,KMH-2
61,CHL-1,CHL1,CHL-1
62,SNU-81,SNU81,SNU-81
133,SK-N-BE(2)-M17,SKNBE(2)M17,BE2-M17
64,FTC-133,FTC133,FTC-133
65,NCI-H2023,NCIH2023,NCI-H2023
66,769-P,769P,769-P
67,KYSE-410,KYSE410,KYSE-410
68,MFE-319,MFE319,MFE-319
69,NCI-H1869,NCIH1869,NCI-H1869
70,NCC010,NCC010,NCC010
71,SW780,SW780,SW780
72,5637,5637,5637
73,SW900,SW900,SW900
74,639V,639V,639-V
75,SW620,SW620,SW620
413,C32 [Human melanoma],C32[HUMANMELANOMA],C32
77,COR-L95,CORL95,COR-L95
78,CP66-MEL,CP66MEL,CP66-MEL
116,Hep-G2/C3A,HEPG2C3A,C3A
80,KYSE-270,KYSE270,KYSE-270
81,Ca Ski,CASKI,Ca-Ski
82,CaR-1,CAR1,CaR-1
83,SW1573,SW1573,SW1573
84,KMRC-1,KMRC1,KMRC-1
85,SNU-423,SNU423,SNU-423
86,SK-UT-1,SKUT1,SK-UT-1
87,Mel JuSo,MELJUSO,MEL-JUSO
88,ES-2,ES2,ES-2
89,CAS-1,CAS1,CAS-1
79,CS-1 [Human chondrosarcoma],CS1[HUMANCHONDROSARCOMA],CS1
91,ES6,ES6,ES6
92,CAL-62,CAL62,CAL-62
93,SK-N-AS,SKNAS,SK-N-AS
94,NCI-H1341,NCIH1341,NCI-H1341
95,ETK-1,ETK1,ETK-1
96,NY,NY,NY
97,NCI-H2087,NCIH2087,NCI-H2087
98,M059J,M059J,M059J
452,EB3 [Human Burkitt lymphoma],EB3[HUMANBURKITTLYMPHOMA],EB-3
100,ESO-26,ESO26,ESO26
101,NCI-H810,NCIH810,NCI-H810
102,A-253,A253,A253
103,DoTc2 4510,DOTC24510,DoTc2-4510
104,EGI-1,EGI1,EGI-1
105,8505C,8505C,8505C
106,MG-63,MG63,MG-63
107,SKN-3,SKN3,SKN-3
108,T84,T84,T84
109,NCI-H2405,NCIH2405,NCI-H2405
110,ECC12,ECC12,ECC12
111,SKN,SKN,SKN
112,EFO-21,EFO21,EFO-21
651,EoL-1,EOL1,EoL-1-cell
114,KYSE-450,KYSE450,KYSE-450
115,NCI-H2461,NCIH2461,H2461
398,NCI-H2795,NCIH2795,H2795
117,KYSE-180,KYSE180,KYSE-180
118,OC 314,OC314,OC-314
119,JIMT-1,JIMT1,JIMT-1
120,ABC-1,ABC1,ABC-1
38,NCI-H2810,NCIH2810,H2810
122,WM278,WM278,WM278
123,KYSE-510,KYSE510,KYSE-510
124,HuTu 80,HUTU80,HUTU-80
125,OV-90,OV90,OV-90
126,Hs 766T,HS766T,Hs-766T
127,WM1552C,WM1552C,WM1552C
128,JHH-2,JHH2,JHH-2
129,HT115,HT115,HT-115
130,SK-LMS-1,SKLMS1,SK-LMS-1
131,MKN28,MKN28,MKN28
132,SK-MEL-5,SKMEL5,SK-MEL-5
90,NCI-H2818,NCIH2818,H2818
134,NCI-H2085,NCIH2085,NCI-H2085
135,SK-N-FI,SKNFI,SK-N-FI
136,EN,EN,EN
137,CAL-72,CAL72,CAL-72
138,EFO-27,EFO27,EFO-27
139,SKG-IIIa,SKGIIIA,SKG-IIIa
140,CAL-85-1,CAL851,CAL-85-1
308,NCI-H3118,NCIH3118,H3118
142,SNU-182,SNU182,SNU-182
143,HeLa,HELA,HeLa
144,T.T,TT,T-T
145,T.T,TT,TT
146,CGTH-W-1,CGTHW1,CGTH-W-1
147,DMS 114,DMS114,DMS-114
148,SW1417,SW1417,SW1417
149,MFE-296,MFE296,MFE-296
150,CW-2,CW2,CW-2
151,SW1783,SW1783,SW1783
152,MFE-280,MFE280,MFE-280
153,COR-L88,CORL88,COR-L88
154,MES-SA,MESSA,MES-SA
155,COLO 668,COLO668,COLO-668
156,NCI-H1793,NCIH1793,NCI-H1793
157,COLO 792,COLO792,COLO-792
158,COLO 678,COLO678,COLO-678
159,SiSo,SISO,SISO
160,SK-HEP-1,SKHEP1,SK-HEP-1
161,CAL-120,CAL120,CAL-120
162,TE-12,TE12,TE-12
218,NCI-H3255,NCIH3255,H3255
76,NCI-H513,NCIH513,H513
165,PFSK-1,PFSK1,PFSK-1
166,HPAC,HPAC,HPAC
167,HOP-92,HOP92,HOP-92
168,HOP-62,HOP62,HOP-62
169,LB996-RCC,LB996RCC,LB996-RCC
170,PWR-1E,PWR1E,PWR-1E
171,HCT 15,HCT15,HCT-15
172,HCC44,HCC44,HCC-44
173,TT,TT,T-T
174,TT,TT,TT
175,LK-2,LK2,LK-2
176,NCI-H2135,NCIH2135,NCI-H2135
177,Panc 10.05,PANC1005,PANC-10-05
178,HCC1143,HCC1143,HCC1143
179,HCC1395,HCC1395,HCC1395
180,TK-10,TK10,TK10
181,SW872,SW872,SW872
182,RERF-LC-KJ,RERFLCKJ,RERF-LC-KJ
183,NCI-H1666,NCIH1666,NCI-H1666
184,TGBC1TKB,TGBC1TKB,TGBC1TKB
185,NCI-H1651,NCIH1651,NCI-H1651
186,SBC-5,SBC5,SBC-5
187,TE-8,TE8,TE-8
188,GCIY,GCIY,GCIY
189,KYSE-150,KYSE150,KYSE-150
190,NCI-H1694,NCIH1694,NCI-H1694
191,LS123,LS123,LS-123
192,NCI-H1568,NCIH1568,NCI-H1568
193,LC-1/sq,LC1SQ,LC-1-sq
194,NCI-H1944,NCIH1944,NCI-H1944
418,HARA [Human squamous cell lung carcinoma],HARA[HUMANSQUAMOUSCELLLUNGCARCINOMA],HARA
196,ME-180,ME180,ME-180
197,NCI-H28,NCIH28,NCI-H28
198,ZR-75-30,ZR7530,ZR-75-30
199,SK-MEL-1,SKMEL1,SK-MEL-1
200,HEY,HEY,Hey
201,HDLM-2,HDLM2,HDLM-2
202,BT-474,BT474,BT-474
203,HCC15,HCC15,HCC-15
204,C-4-I,C4I,C-4-I
205,C2BBe1,C2BBE1,C2BBe1
206,CA46,CA46,CA46
207,TE-1,TE1,TE-1
208,RT-112,RT112,RT-112
209,CAL-29,CAL29,CAL-29
210,GCT,GCT,GCT
211,GB-1,GB1,GB-1
212,HH [Human lymphoma],HH[HUMANLYMPHOMA],HH
213,GAK,GAK,GAK
214,CAL-51,CAL51,CAL-51
215,SCC-9,SCC9,SCC-9
216,CAL-78,CAL78,CAL-78
217,CHSA8926,CHSA8926,CHSA8926
557,Jiyoye,JIYOYE,JiyoyeP-2003
219,EJM,EJM,EJM
220,SNG-M,SNGM,SNG-M
221,SW948,SW948,SW948
222,DMS 79,DMS79,DMS-79
223,DAN-G,DANG,DAN-G
224,D-263MG,D263MG,D-263MG
225,Capan-2,CAPAN2,Capan-2
226,Ramos.2G6.4C10,RAMOS2G64C10,Ramos-2G6-4C10
227,TGBC11TKB,TGBC11TKB,TGBC11TKB
228,HCC2218,HCC2218,HCC2218
229,JHH-7,JHH7,JHH-7
113,KS-1 [Human glioblastoma],KS1[HUMANGLIOBLASTOMA],KS-1
231,NCI-H520,NCIH520,NCI-H520
232,A-704,A704,A704
233,VM-CUB-1,VMCUB1,VM-CUB-1
234,NCI-H727,NCIH727,NCI-H727
235,K-562,K562,K-562
236,NCI-H835,NCIH835,NCI-H835
237,HPAF-II,HPAFII,HPAF-II
238,HuP-T3,HUPT3,HuP-T3
239,OVCAR-5,OVCAR5,OVCAR-5
240,SW626,SW626,SW626
241,OVCAR-8,OVCAR8,OVCAR-8
242,HT-1080,HT1080,HT-1080
243,OVISE,OVISE,OVISE
244,HTC-C3,HTCC3,HTC-C3
245,Hep 3B2.1-7,HEP3B217,Hep3B2-1-7
246,BICR 10,BICR10,BICR10
247,HuCC-T1,HUCCT1,HuCCT1
248,CADO-ES1,CADOES1,CADO-ES1
249,COLO 829,COLO829,COLO-829
250,42-MG-BA,42MGBA,42-MG-BA
251,647V,647V,647-V
252,A-172,A172,A172
253,A-204,A204,A204
254,MOG-G-UVW,MOGGUVW,MOG-G-UVW
255,SW982,SW982,SW982
256,CL-40,CL40,CL-40
257,COR-L23,CORL23,COR-L23
258,CL-11,CL11,CL-11
259,NCI-H1781,NCIH1781,NCI-H1781
260,BFTC-909,BFTC909,BFTC-909
261,VCaP,VCAP,VCaP
262,UACC-257,UACC257,UACC-257
263,TUR,TUR,TUR
264,BFTC-905,BFTC905,BFTC-905
265,TC-71,TC71,TC-71
266,CAL-33,CAL33,CAL-33
267,CL-34,CL34,CL-34
268,BICR 78,BICR78,BICR78
269,NCC-IT,NCCIT,NCCIT
270,Caov-4,CAOV4,Caov-4
271,SW1463,SW1463,SW1463
272,HCC78,HCC78,HCC-78
273,HSC-4,HSC4,HSC-4
274,NCI-H2452,NCIH2452,NCI-H2452
275,OVK18,OVK18,OVK-18
276,Huh-7,HUH7,HuH-7
277,RERF-GC-1B,RERFGC1B,RERF-GC-1B
278,IM95,IM95,IM-95
279,KYSE-50,KYSE50,KYSE-50
280,NCI-H64,NCIH64,NCI-H64
281,KGN,KGN,KGN
282,KNS-62,KNS62,KNS-62
283,KP-4,KP4,KP-4
327,ME-1 [Human leukemia],ME1[HUMANLEUKEMIA],ME-1
285,NUGC-3,NUGC3,NUGC-3
286,RF-48,RF48,RF-48
121,Mo,MO,Mo-T
288,RPMI-7951,RPMI7951,RPMI-7951
195,MS-1 [Human lung carcinoma],MS1[HUMANLUNGCARCINOMA],MS-1
290,SK-N-SH,SKNSH,SK-N-SH
291,MCF-7,MCF7,MCF7
292,ES4,ES4,ES4
293,EW-16,EW16,EW-16
294,RL95-2,RL952,RL95-2
295,Fu97,FU97,FU97
296,FaDu,FADU,FADU
297,GOTO,GOTO,GOTO
298,GP5d,GP5D,GP5d
299,LP-1,LP1,LP-1
573,NB(TU)1,NB(TU)1,NB(TU)1-10
301,NCI-H1755,NCIH1755,NCI-H1755
302,ONS-76,ONS76,ONS-76
303,NCI-H23,NCIH23,NCI-H23
304,SK-MEL-2,SKMEL2,SK-MEL-2
443,SJNB-10,SJNB10,NB10
306,PSN1,PSN1,PSN1
307,TE-6,TE6,TE-6
540,SJNB-12,SJNB12,NB12
309,YH-13,YH13,YH-13
310,NCI-H3122,NCIH3122,NCI-H3122
311,22Rv1,22RV1,22RV1
312,MDA-MB-231,MDAMB231,MDA-MB-231
313,KYAE-1,KYAE1,KYAE-1
314,JHU-022,JHU022,JHU-022
315,IST-Mes1,ISTMES1,IST-MES1
316,Hs 746.T,HS746T,Hs746T
317,MDA-MB-157,MDAMB157,MDA-MB-157
318,YT,YT,YT
319,HSC-3,HSC3,HSC-3
320,HCC1569,HCC1569,HCC1569
321,HCC1500,HCC1500,HCC1500
322,Granta-519,GRANTA519,GRANTA-519
323,EFM-192A,EFM192A,EFM-192A
324,Detroit 562,DETROIT562,Detroit562
325,Calu-3,CALU3,Calu-3
326,COLO 824,COLO824,COLO-824
525,SJNB-13,SJNB13,NB13
328,ACHN,ACHN,ACHN
329,MSTO-211H,MSTO211H,MSTO-211H
330,A-549,A549,A549
331,BHT-101,BHT101,BHT-101
332,CCK-81,CCK81,CCK-81
333,P31/FUJ,P31FUJ,P31-FUJ
334,A101D,A101D,A101D
335,A-498,A498,A498
336,OE33,OE33,OE33
337,A-427,A427,A427
555,SJNB-14,SJNB14,NB14
339,KCL-22,KCL22,KCL-22
340,KG-1,KG1,KG-1
341,NCI-H508,NCIH508,NCI-H508
342,KP-N-YN,KPNYN,KP-N-YN
343,WM35,WM35,WM35
344,OACP4 C,OACP4C,OACp4C
345,HSC-2,HSC2,HSC-2
346,HCC1599,HCC1599,HCC1599
347,AN3-CA,AN3CA,AN3-CA
348,CAMA-1,CAMA1,CAMA-1
349,DG-75,DG75,DG-75
350,DMS 53,DMS53,DMS-53
351,Daoy,DAOY,Daoy
352,TE-4,TE4,TE-4
353,C-33 A,C33A,C-33-A
354,EW-13,EW13,EW-13
355,FLO-1,FLO1,FLO-1
356,G-292 clone A141B1,G292CLONEA141B1,G-292-Clone-A141B1
357,KYSE-220,KYSE220,KYSE-220
99,SJNB-7,SJNB7,NB7
359,G-mel,GMEL,G-MEL
360,GMS-10,GMS10,GMS-10
361,RPMI-8226,RPMI8226,RPMI-8226
362,BT-549,BT549,BT-549
363,COLO 684,COLO684,COLO-684
364,L-428,L428,L-428
365,RKO,RKO,RKO
366,Lu-135,LU135,LU-135
367,LS513,LS513,LS-513
368,MFM-223,MFM223,MFM-223
369,NCI-H1048,NCIH1048,NCI-H1048
370,NCI-H1975,NCIH1975,NCI-H1975
371,MDST8,MDST8,MDST8
372,NCI-H1155,NCIH1155,NCI-H1155
373,MDA-MB-361,MDAMB361,MDA-MB-361
374,OCI-AML-5,OCIAML5,OCI-AML5
375,NCI-H524,NCIH524,NCI-H524
376,MDA-MB-330,MDAMB330,MDA-MB-330
377,CAL-27,CAL27,CAL-27
378,ES5,ES5,ES5
379,NCI-H69,NCIH69,NCI-H69
141,SNU-1,SNU1,NCI-SNU-1
381,NCI-H720,NCIH720,NCI-H720
382,KATO III,KATOIII,KATOIII
383,NCI-H747,NCIH747,NCI-H747
384,K5,K5,K5
385,TE-15,TE15,TE-15
386,Hs 633.T,HS633T,Hs-633T
387,NCI-H446,NCIH446,NCI-H446
388,NCI-H1623,NCIH1623,NCI-H1623
389,EMC-BAC-2,EMCBAC2,EMC-BAC-2
390,8-MG-BA,8MGBA,8-MG-BA
391,Calu-6,CALU6,Calu-6
392,Farage,FARAGE,Farage
393,COR-L311,CORL311,COR-L311
394,TGW,TGW,TGW
395,EW-18,EW18,EW-18
396,COR-L279,CORL279,COR-L279
397,Reh,REH,REH
476,SNU-16,SNU16,NCI-SNU-16
399,OVMIU,OVMIU,OVMIU
400,OE19,OE19,OE19
401,GR-ST,GRST,GR-ST
402,SiMa,SIMA,SIMA
403,JHH-1,JHH1,JHH-1
404,RERF-LC-Sq1,RERFLCSQ1,RERF-LC-Sq1
405,HCC1187,HCC1187,HCC1187
406,Karpas-422,KARPAS422,KARPAS-422
407,IGR-37,IGR37,IGR-37
408,MHH-PREB-1,MHHPREB1,MHH-PREB-1
409,BT-20,BT20,BT-20
410,OVCA420,OVCA420,OVCA420
411,IHH-4,IHH4,IHH-4
412,SF539,SF539,SF539
289,SNU-5,SNU5,NCI-SNU-5
414,HMV-II,HMVII,HMV-II
415,HCC70,HCC70,HCC70
416,HCC1806,HCC1806,HCC1806
417,RC-K8,RCK8,RC-K8
338,NOS-1 [Human osteosarcoma],NOS1[HUMANOSTEOSARCOMA],NOS-1
419,EW-11,EW11,EW-11
420,SAS,SAS,SAS
421,HT-55,HT55,HT55
422,JJN-3,JJN3,JJN-3
423,NCI-H1581,NCIH1581,NCI-H1581
424,A-375,A375,A375
425,NOMO-1,NOMO1,NOMO-1
426,SNU-175,SNU175,SNU-175
427,L-363,L363,L-363
428,DOV13,DOV13,DOV13
429,NCI-H1703,NCIH1703,NCI-H1703
430,PC-14,PC14,PC-14
431,HDQ-P1,HDQP1,HDQ-P1
432,HCC2998,HCC2998,HCC2998
433,NCI-H1993,NCIH1993,NCI-H1993
434,NCI-H1963,NCIH1963,NCI-H1963
435,COLO 679,COLO679,COLO-679
436,Hs 578T,HS578T,Hs-578-T
437,23132/87,2313287,23132-87
438,COR-L32,CORL32,COR-L32
439,G-361,G361,G-361
440,MEG-01,MEG01,MEG-01
441,SH-4,SH4,SH-4
442,SNU-C1,SNUC1,SNU-C1
458,OACM5.1 C,OACM51C,OACM5-1
444,CHP-134,CHP134,CHP-134
445,EFM-19,EFM19,EFM-19
446,AU565,AU565,AU565
380,PC-3 [Human lung carcinoma],PC3[HUMANLUNGCARCINOMA],PC-3
448,CPC-N,CPCN,NB12
449,EBC-1,EBC1,NB13
450,BICR 22,BICR22,NB14
451,Lu-65,LU65,LU-65
163,PCI-04B,PCI04B,PCI-4B
453,TOV-21G,TOV21G,NB12
454,ECC10,ECC10,NB13
455,Ca9-22,CA922,NB14
456,OCUM-1,OCUM1,OCUM-1
457,HCT 116,HCT116,HCT-116
21,PL18 [Human pancreatic adenocarcinoma],PL18[HUMANPANCREATICADENOCARCINOMA],PL18
459,MKN45,MKN45,NB12
460,Karpas-45,KARPAS45,NB13
461,MDA-MB-415,MDAMB415,NB14
284,KTCTL-195,KTCTL195,RCC-JW
463,KYSE-140,KYSE140,NB12
464,H4,H4,NB13
465,DMS 273,DMS273,NB14
466,UACC-893,UACC893,UACC-893
467,G-402,G402,G-402
468,SK-MM-2,SKMM2,SK-MM-2
469,NCI-H847,NCIH847,NCI-H847
470,EB2,EB2,EB2
287,RCM-1 [Human rectum adenocarcinoma],RCM1[HUMANRECTUMADENOCARCINOMA],RCM-1
472,SBC-3,SBC3,SBC-3
473,SW13,SW13,SW13
474,P30/OHK,P30OHK,P30-OHK
475,MOLT-4,MOLT4,MOLT-4
63,WRO,WRO,RO82-W-1
477,HT-144,HT144,HT-144
478,NKM-1,NKM1,NKM-1
479,SUP-T1,SUPT1,SUP-T1
480,NCI-H211,NCIH211,NCI-H211
481,Kelly,KELLY,KELLY
482,ESS-1,ESS1,ESS-1
483,UACC-62,UACC62,UACC-62
484,EW-7,EW7,EW-7
485,SU-DHL-8,SUDHL8,SU-DHL-8
486,TGBC24TKB,TGBC24TKB,TGBC24TKB
487,NEC8,NEC8,NEC8
488,NH-12,NH12,NH-12
489,NCI-N87,NCIN87,NCI-N87
601,RS4;11,RS4;11,RS4-11
491,MDA-MB-175-VII,MDAMB175VII,NCI-SNU-16
492,NCI-H82,NCIH82,NCI-H82
493,EPLC-272H,EPLC272H,EPLC-272H
494,HT-29,HT29,HT-29
495,A-673,A673,A673
496,NCI-H2170,NCIH2170,NCI-H2170
497,PF-382,PF382,PF-382
498,KMOE-2,KMOE2,KMOE-2
499,HCC827,HCC827,HCC-827
500,M14,M14,M14
501,TC-YIK,TCYIK,TC-YIK
502,KU-19-19,KU1919,KU-19-19
503,DB,DB,DB
504,HC-1,HC1,HC-1
505,SK-GT-2,SKGT2,SK-GT-2
506,MRK-nu-1,MRKNU1,MRK-nu-1
507,MLMA,MLMA,MLMA
508,LOX-IMVI,LOXIMVI,LOXIMVI
509,COR-L105,CORL105,COR-L105
510,NCI-H322M,NCIH322M,NCI-H322M
511,MDA-MB-468,MDAMB468,MDA-MB-468
512,SK-N-DZ,SKNDZ,SK-N-DZ
513,SUP-HD1,SUPHD1,SUP-HD1
514,EW-1,EW1,EW-1
515,Karpas-1106P,KARPAS1106P,KARPAS-1106P
516,LoVo,LOVO,LoVo
517,HCC1954,HCC1954,HCC1954
518,ESO-51,ESO51,ESO51
519,EC-GI-10,ECGI10,EC-GI-10
520,DiFi,DIFI,DIFI
521,DSH1,DSH1,DSH1
522,SNU-398,SNU398,SNU-398
523,HO-1-u-1,HO1U1,HO-1-u-1
524,NCI-H526,NCIH526,NCI-H526
358,SAT [Human HNSCC],SAT[HUMANHNSCC],SAT
526,BPH-1,BPH1,NCI-SNU-16
527,OPM-2,OPM2,OPM-2
528,MOLT-13,MOLT13,MOLT-13
529,Rh1,RH1,RH-1
530,Hs 445,HS445,Hs-445
531,KYM-1,KYM1,KYM-1
532,Karpas-620,KARPAS620,KARPAS-620
533,Karpas-299,KARPAS299,KARPAS-299
534,AGS,AGS,AGS
535,Karpas-231,KARPAS231,KARPAS-231
536,SK-PN-DW,SKPNDW,SK-PN-DW
537,HL-60,HL60,HL-60
538,DND-41,DND41,DND-41
539,RPMI-8866,RPMI8866,RPMI-8866
490,UPCI-SCC-090,UPCISCC090,SCC90
541,Kasumi-1,KASUMI1,KASUMI-1
542,ES1,ES1,ES1
543,CAL-148,CAL148,CAL-148
544,Daudi,DAUDI,Daudi
545,L-540,L540,L-540
546,SKM-1,SKM1,SKM-1
547,HuO9,HUO9,HuO9
548,Rh41,RH41,RH-41
549,LAMA-84,LAMA84,LAMA-84
550,SW48,SW48,SW48
551,LS411N,LS411N,LS-411N
552,NCI-H1648,NCIH1648,NCI-H1648
553,MC/CAR,MCCAR,MC-CAR
554,WSU-DLCL2,WSUDLCL2,WSU-DLCL2
300,Rh30,RH30,SJRH30
556,NCI-H716,NCIH716,NCI-H716
471,VL51,VL51,SLVL
558,SK-CO-1,SKCO1,SK-CO-1
559,EM-2,EM2,EM-2
560,COLO 205,COLO205,COLO-205
561,COLO 320HSR,COLO320HSR,COLO-320-HSR
562,Raji,RAJI,Raji
563,EW-22,EW22,EW-22
564,ST486,ST486,ST486
565,CCRF-CEM,CCRFCEM,CCRF-CEM
566,MOLP-8,MOLP8,MOLP-8
567,WIL2 NS,WIL2NS,WIL2-NS
568,LC4-1,LC41,LC4-1
569,IST-SL2,ISTSL2,IST-SL2
570,IMR-5,IMR5,IMR-5
571,OCI-AML-3,OCIAML3,OCI-AML3
572,NCI-H2122,NCIH2122,NCI-H2122
28,U-251MG,U251MG,U251
574,KM12,KM12,KM12
575,SK-ES-1,SKES1,SK-ES-1
576,ALL-SIL,ALLSIL,ALL-SIL
577,MHH-CALL-2,MHHCALL2,MHH-CALL-2
578,CHP-212,CHP212,CHP-212
579,HCC2157,HCC2157,HCC2157
580,U-698-M,U698M,U-698-M
581,BB49-HNC,BB49HNC,BB49-HNC
582,NCI-H1876,NCIH1876,NCI-H1876
583,VAL,VAL,VAL
584,HGC-27,HGC27,HGC-27
585,OCI-M1,OCIM1,OCI-M1
586,OCI-AML-2,OCIAML2,OCI-AML2
587,H9,H9,H9
588,NCI-H209,NCIH209,NCI-H209
589,ES7,ES7,ES7
590,Evsa-T,EVSAT,EVSA-T
591,G-401,G401,G-401
592,ES8,ES8,ES8
593,D283 Med,D283MED,D-283MED
594,MDA-MB-453,MDAMB453,MDA-MB-453
595,KMS-12-BM,KMS12BM,KMS-12-BM
596,RPMI-6666,RPMI6666,RPMI-6666
597,Mono-Mac-6,MONOMAC6,MONO-MAC-6
598,JURL-MK1,JURLMK1,JURL-MK1
599,SUP-B15,SUPB15,SUP-B15
600,Loucy,LOUCY,LOUCY
305,WM793,WM793,WM793B
602,RPMI-8402,RPMI8402,RPMI-8402
603,DoHH2,DOHH2,DOHH-2
604,HSC-39,HSC39,HSC-39
605,DOK,DOK,DOK
606,CAL-54,CAL54,CAL-54
607,LNCaP clone FGC,LNCAPCLONEFGC,LNCaP-Clone-FGC
608,CESS,CESS,CESS
609,EW-3,EW3,EW-3
610,PA-1,PA1,PA-1
611,JSC-1,JSC1,JSC-1
612,HAL-01,HAL01,HAL-01
613,CTV-1,CTV1,CTV-1
614,L-1236,L1236,L-1236
615,BE-13,BE13,BE-13
616,KY821,KY821,KY821
617,Ku812,KU812,KU812
618,ARH-77,ARH77,ARH-77
619,ALL-PO,ALLPO,ALL-PO
620,Jurkat,JURKAT,Jurkat
621,SCC-3,SCC3,SCC-3
622,SU-DHL-10,SUDHL10,SU-DHL-10
623,BL-41,BL41,BL-41
624,MM1.S,MM1S,MM1S
625,GA-10,GA10,GA-10
626,OCUB-M,OCUBM,OCUB-M
627,IGROV-1,IGROV1,IGROV-1
628,NB69,NB69,NB69
629,GDM-1,GDM1,GDM-1
630,CAL-39,CAL39,CAL-39
631,CML-T1,CMLT1,CML-T1
632,Namalwa,NAMALWA,NAMALWA
633,BV-173,BV173,BV-173
634,P12-Ichikawa,P12ICHIKAWA,P12-ICHIKAWA
635,DU4475,DU4475,DU-4475
636,ATN-1,ATN1,ATN-1
637,A2780,A2780,A2780
638,NCI-H929,NCIH929,NCI-H929
639,BALL-1,BALL1,BALL-1
640,BC-1,BC1,BC-1
641,KOPN-8,KOPN8,KOPN-8
642,AMO1,AMO1,AMO-1
643,MOLT-16,MOLT16,MOLT-16
644,IM-9,IM9,IM-9
645,SU-DHL-6,SUDHL6,SU-DHL-6
646,KE-37,KE37,KE-37
647,P32/ISH,P32ISH,P32-ISH
648,SUP-M2,SUPM2,SUP-M2
649,WSU-NHL,WSUNHL,WSU-NHL
650,ML-2,ML2,ML-2
462,NTERA-2,NTERA2,
652,NCI-H1417,NCIH1417,NCI-H1417
447,TK [Human B-cell lymphoma],TK[HUMANBCELLLYMPHOMA],TK
654,NALM-6,NALM6,NALM-6
655,JVM-2,JVM2,JVM-2
656,SR,SR,SR
657,JVM-3,JVM3,JVM-3
658,697,697,697
164,U266B1,U266B1,U-266
660,MV4-11,MV411,MV-4-11
661,DEL,DEL,DEL
662,SU-DHL-5,SUDHL5,SU-DHL-5
663,MOLM-13,MOLM13,MOLM-13